영업일자,느티나무 셀프BBQ_1인 수저세트,느티나무 셀프BBQ_BBQ55(단체),"느티나무 셀프BBQ_대여료 30,000원","느티나무 셀프BBQ_대여료 60,000원","느티나무 셀프BBQ_대여료 90,000원","느티나무 셀프BBQ_본삼겹 (단품,실내)",느티나무 셀프BBQ_스프라이트 (단체),느티나무 셀프BBQ_신라면,느티나무 셀프BBQ_쌈야채세트,느티나무 셀프BBQ_쌈장,느티나무 셀프BBQ_육개장 사발면,느티나무 셀프BBQ_일회용 소주컵,느티나무 셀프BBQ_일회용 종이컵,느티나무 셀프BBQ_잔디그늘집 대여료 (12인석),느티나무 셀프BBQ_잔디그늘집 대여료 (6인석),느티나무 셀프BBQ_잔디그늘집 의자 추가,느티나무 셀프BBQ_참이슬 (단체),느티나무 셀프BBQ_친환경 접시 14cm,느티나무 셀프BBQ_친환경 접시 23cm,느티나무 셀프BBQ_카스 병(단체),느티나무 셀프BBQ_콜라 (단체),느티나무 셀프BBQ_햇반,느티나무 셀프BBQ_허브솔트,담하_(단체) 공깃밥,담하_(단체) 생목살 김치전골 2.0,담하_(단체) 은이버섯 갈비탕,담하_(단체) 한우 우거지 국밥,담하_(단체) 황태해장국 3/27까지,담하_(정식) 된장찌개,담하_(정식) 물냉면 ,담하_(정식) 비빔냉면,담하_(후식) 된장찌개,담하_(후식) 물냉면,담하_(후식) 비빔냉면,담하_갑오징어 비빔밥,담하_갱시기,담하_공깃밥,담하_꼬막 비빔밥,담하_느린마을 막걸리,담하_담하 한우 불고기,담하_담하 한우 불고기 정식,담하_더덕 한우 지짐,담하_들깨 양지탕,담하_라면사리,담하_룸 이용료,담하_메밀면 사리,담하_명인안동소주,담하_명태회 비빔냉면,담하_문막 복분자 칵테일,담하_봉평메밀 물냉면,담하_생목살 김치찌개,담하_스프라이트,담하_은이버섯 갈비탕,담하_제로콜라,담하_참이슬,담하_처음처럼,담하_카스,담하_콜라,담하_테라,담하_하동 매실 칵테일,담하_한우 떡갈비 정식,담하_한우 미역국 정식,담하_한우 우거지 국밥,담하_한우 차돌박이 된장찌개,담하_황태해장국,라그로타_AUS (200g),라그로타_G-Charge(3),라그로타_Gls.Sileni,라그로타_Gls.미션 서드,라그로타_Open Food,라그로타_그릴드 비프 샐러드,라그로타_까르보나라,라그로타_모둠 해산물 플래터,라그로타_미션 서드 카베르네 쉬라,라그로타_버섯 크림 리조또,라그로타_빵 추가 (1인),라그로타_스프라이트,라그로타_시저 샐러드 ,라그로타_아메리카노,라그로타_알리오 에 올리오 ,라그로타_양갈비 (4ps),라그로타_자몽리치에이드,라그로타_제로콜라,라그로타_카스,라그로타_콜라,라그로타_하이네켄(생),라그로타_한우 (200g),라그로타_해산물 토마토 리조또,라그로타_해산물 토마토 스튜 파스타,라그로타_해산물 토마토 스파게티,"미라시아_(단체)브런치주중 36,000",미라시아_(오븐) 하와이안 쉬림프 피자,미라시아_(화덕) 불고기 페퍼로니 반반피자,미라시아_BBQ Platter,미라시아_BBQ 고기추가,미라시아_공깃밥,미라시아_글라스와인 (레드),미라시아_레인보우칵테일(알코올),미라시아_미라시아 브런치 (패키지),미라시아_버드와이저(무제한),미라시아_보일링 랍스타 플래터,미라시아_보일링 랍스타 플래터(덜매운맛),미라시아_브런치 2인 패키지 ,미라시아_브런치 4인 패키지 ,미라시아_브런치(대인) 주말,미라시아_브런치(대인) 주중,미라시아_브런치(어린이),미라시아_쉬림프 투움바 파스타,미라시아_스텔라(무제한),미라시아_스프라이트,미라시아_애플망고 에이드,미라시아_얼그레이 하이볼,미라시아_오븐구이 윙과 킬바사소세지,미라시아_유자 하이볼,미라시아_잭 애플 토닉,미라시아_칠리 치즈 프라이,미라시아_코카콜라,미라시아_코카콜라(제로),미라시아_콥 샐러드,미라시아_파스타면 추가(150g),미라시아_핑크레몬에이드,연회장_Cass Beer,연회장_Conference L1,연회장_Conference L2,연회장_Conference L3,연회장_Conference M1,연회장_Conference M8,연회장_Conference M9,연회장_Convention Hall,연회장_Cookie Platter,연회장_Grand Ballroom,연회장_OPUS 2,연회장_Regular Coffee,연회장_골뱅이무침,연회장_공깃밥,연회장_돈목살 김치찌개 (밥포함),연회장_로제 치즈떡볶이,연회장_마라샹궈,연회장_매콤 무뼈닭발&계란찜,연회장_모둠 돈육구이(3인),연회장_삼겹살추가 (200g),연회장_야채추가,연회장_왕갈비치킨,연회장_주먹밥 (2ea),카페테리아_공깃밥(추가),카페테리아_구슬아이스크림,카페테리아_단체식 13000(신),카페테리아_단체식 18000(신),카페테리아_돼지고기 김치찌개,카페테리아_복숭아 아이스티,카페테리아_새우 볶음밥,카페테리아_새우튀김 우동,카페테리아_샷 추가,카페테리아_수제 등심 돈까스,카페테리아_아메리카노(HOT),카페테리아_아메리카노(ICE),카페테리아_약 고추장 돌솥비빔밥,카페테리아_어린이 돈까스,카페테리아_오픈푸드,카페테리아_진사골 설렁탕,카페테리아_짜장면,카페테리아_짜장밥,카페테리아_짬뽕,카페테리아_짬뽕밥,카페테리아_치즈돈까스,카페테리아_카페라떼(HOT),카페테리아_카페라떼(ICE),카페테리아_한상 삼겹구이 정식(2인) 소요시간 약 15~20분,포레스트릿_꼬치어묵,포레스트릿_떡볶이,포레스트릿_복숭아 아이스티,포레스트릿_생수,포레스트릿_스프라이트,포레스트릿_아메리카노(HOT),포레스트릿_아메리카노(ICE),포레스트릿_치즈 핫도그,포레스트릿_카페라떼(HOT),포레스트릿_카페라떼(ICE),포레스트릿_코카콜라,포레스트릿_페스츄리 소시지,화담숲주막_느린마을 막걸리,화담숲주막_단호박 식혜 ,화담숲주막_병천순대,화담숲주막_스프라이트,화담숲주막_참살이 막걸리,화담숲주막_찹쌀식혜,화담숲주막_콜라,화담숲주막_해물파전,화담숲카페_메밀미숫가루,화담숲카페_아메리카노 HOT,화담숲카페_아메리카노 ICE,화담숲카페_카페라떼 ICE,화담숲카페_현미뻥스크림
TEST_00+1일,4.311753,4.980919,3.2183883,2.4767354,0.7748758,1.0568824,2.916641,2.6614218,1.1051459,0.82229674,1.0210421,0.7537697,0.9464664,2.5211549,7.052137,0.9221462,4.4656677,0.9474171,1.6918653,6.65158,3.1580608,1.0048248,0.87922484,0.7796488,4.5341473,5.9583435,2.5263166,7.7234573,3.4468124,2.4362302,1.5090944,1.1868687,1.316005,1.2056354,1.0639247,0.71858954,10.958536,1.1746234,1.4390328,6.9195623,6.8963943,0.686378,1.5423923,1.6944954,0.8383836,1.7936354,0.7211088,2.3435438,1.0882536,1.8654757,6.203805,0.7809527,3.8175507,0.67060125,1.3536258,0.84648025,1.3895229,0.88657993,1.3069758,0.9153538,3.0627313,5.701583,8.750746,5.6041307,5.2710104,1.460564,0.7975521,0.81165045,2.8072762,1.2436533,1.1466662,2.755578,0.8600539,0.78967,2.4598005,1.2812123,0.6616523,1.5824292,0.8595998,1.7936354,1.4390328,1.1336038,0.8948888,0.9780844,1.0821446,1.3130385,1.267885,0.9502718,2.159427,3.6967697,4.757062,1.0943805,1.3802071,3.4165177,0.8627806,1.4895685,0.9181615,0.8691584,6.8963943,2.9262147,1.4247833,0.7792143,3.1692426,0.73799884,19.52173,9.177612,16.656319,1.7530112,2.2660906,0.9512243,1.8710778,0.8280896,1.5610816,0.94172007,0.8632354,0.6559826,0.9493198,1.1252857,1.826566,0.7241053,0.8187411,4.4377174,0.7688197,0.7473589,0.72026867,0.7670932,0.73715043,0.68452626,0.9790505,1.219545,0.8303225,0.80282605,3.7777267,1.1159666,1.010216,1.801832,1.3273413,1.016114,1.0062937,2.840886,1.2316347,0.5412861,1.5938027,0.86824596,2.7227147,1.6748323,5.948158,3.2101572,4.8452244,1.5623324,3.3099983,1.9839911,0.8169658,7.005094,2.2390919,1.6644042,7.8090644,2.1165254,2.32401,2.2264638,4.395401,0.9877666,2.893759,1.5862148,3.4468124,1.2745389,1.1661453,2.9705565,1.058892,1.1699166,1.1703801,1.9738094,0.79842997,1.670917,2.978319,1.4023918,0.9445665,1.3501806,1.1097765,1.2110268,14.340076,4.868102,13.46707,4.501816,13.66622,9.461023,4.5666695,35.655464,20.632975,3.9850593,19.36203,6.958327,11.44706
TEST_00+2일,3.4294758,4.265272,2.9550767,2.4228337,0.60777867,1.0730146,2.4278512,1.6307926,1.3536258,0.8321108,1.1906092,0.86187124,0.92943376,1.9738094,4.1861734,0.7753092,4.225254,0.81342053,1.6879251,5.2176533,2.9013715,0.87018543,0.73884773,0.9019569,5.432274,6.3172483,2.8128574,7.024662,3.2806358,2.1748915,1.5287734,0.9838881,1.2077904,0.8365892,0.9005644,0.75505465,7.052137,1.2338151,1.3171362,3.538948,4.4165177,0.828536,1.5461192,1.0872343,0.7714127,1.3860252,0.63509226,2.2660906,1.0699803,1.6475451,5.52719,0.8700713,3.2722833,0.7227904,1.3593789,1.1325623,0.8801427,0.89952064,0.6969094,0.618807,2.6046567,3.2183883,4.00946,4.4803658,3.2722833,1.1263237,0.8303225,0.93793136,2.0295026,0.9945724,1.1190684,1.6644042,0.8737273,0.955039,1.9622155,1.3709276,0.79930836,1.4581623,0.99749625,1.7209377,1.1128693,1.0349052,1.1128693,0.7354548,1.0170987,1.3778838,1.1304808,1.104632,1.782744,2.0443313,4.991149,0.9771188,1.1211388,3.2348986,1.1294408,1.4980922,0.91068333,0.7966746,5.1377187,2.6973531,1.2121067,0.7354548,2.5245953,0.6406905,9.021046,19.401838,7.9828076,1.9362946,1.9162906,0.9004484,1.3536258,0.8600539,1.1211388,0.9906805,0.80723286,0.60268396,0.9809841,0.92285025,1.531244,1.0458642,0.7931689,4.0833807,0.70771503,0.73630244,0.6326989,0.7490662,0.7018881,0.6551742,0.75848585,1.516456,0.6755028,0.6600305,8.808046,1.0699803,0.804147,1.3050053,1.035899,0.9780844,0.80282605,1.3939023,1.0709913,0.49313644,1.2354518,0.8646006,2.9550767,1.8964231,7.438567,10.070643,4.1887064,1.7746034,2.7924333,2.3337626,0.925669,4.512572,2.5487719,2.0235913,5.9685435,2.2884939,2.446312,2.5626612,3.6602192,0.9867963,1.9738094,1.4920008,2.9938898,1.6269417,1.3137444,2.6937442,1.1948919,1.4521682,1.3455949,2.4665647,0.9388778,1.0979629,4.260133,1.2812123,1.0862153,1.7010818,1.2392755,1.2045586,8.204813,3.907773,7.1789393,2.7961385,9.040638,5.197951,3.49923,18.909777,8.99417,2.8221776,8.72222,4.1533575,5.3109436
TEST_00+3일,2.5976233,4.6653857,1.6991041,1.3965337,0.6584101,1.2294564,4.687559,1.2045586,1.1672032,0.6362903,1.0200555,0.76795626,0.8591459,1.7156286,4.5341473,1.1430006,7.605003,0.91068333,1.0428696,6.9544415,5.1377187,1.0548747,0.71272546,0.984857,7.8803225,12.4322195,3.7428613,17.28809,2.5074272,1.4581623,1.2800987,1.3686132,0.88473845,0.7261585,1.1545419,0.8169658,7.1789393,1.3513284,1.2979817,4.3143473,3.343802,0.82764333,1.7597407,1.3616842,0.7774776,0.8568778,0.71356195,1.1975728,0.9965212,1.2590432,4.948881,0.79229355,2.5005836,0.74054664,1.0195624,1.0801123,0.5133211,0.9219116,1.104632,0.7714127,2.1702442,2.314286,2.566142,3.831685,3.412207,1.0473633,0.7507751,0.7940447,1.3290465,0.77660996,1.0240048,1.578649,0.7774776,0.97133493,2.3500805,1.5711055,0.73799884,1.9651098,0.8930392,1.6269417,1.1672032,0.6763211,0.9521773,0.9916528,0.9388778,1.7963649,0.7800833,1.1336038,1.6064987,2.2981424,4.293628,0.90881836,0.9761536,2.0059268,0.78530604,1.3148744,0.94172007,0.76795626,5.3884535,2.5418472,1.1336038,0.7800833,1.4920008,0.5473185,3.5969388,16.621868,3.855335,1.4993123,1.8320918,0.9445665,1.541151,0.8410785,0.7740094,1.0508652,1.0033569,0.644701,0.97133493,0.7731434,1.0984751,0.66490096,0.7940447,5.457449,0.6763211,0.76106364,0.61841184,0.76192373,0.59799546,0.6787784,0.6567913,2.0832262,0.5330299,0.66327584,6.009495,1.0974507,0.78269273,1.3593789,0.9436172,0.8728127,0.8107661,1.5887415,0.828536,0.51961505,1.3024744,0.79842997,2.1810985,2.1394353,4.209014,11.5202055,3.0212853,1.8809078,1.9593242,2.613468,0.885659,3.001698,2.8615716,2.2644963,4.2858796,1.7156286,3.0567844,2.953146,2.1302514,1.0760535,1.4438012,1.5213757,1.7024009,1.6958113,1.3605313,2.156343,1.3330302,1.4283378,1.5127724,1.3171362,0.83479655,1.3547753,1.4188707,1.3137444,0.9445665,0.99847186,1.0468634,1.1938205,8.267953,3.1773934,6.6834025,2.4665647,6.865609,4.6764617,2.6757522,16.621868,9.040638,2.9013715,9.3391485,3.7289865,6.009495
TEST_00+4일,2.6649992,10.804796,2.0952938,1.0478631,0.6176218,1.2778732,4.934375,1.88654,1.2862303,0.8518978,1.6269417,0.8700713,0.67386734,1.5115459,3.7870672,0.9921391,8.432306,0.6977382,1.1398638,13.686151,4.5680285,0.88450843,0.8321108,1.3860252,8.331525,8.340642,3.8093245,17.395561,3.029147,1.9796233,1.2223917,1.2890228,1.1672032,1.2185969,1.4366521,0.76192373,7.0560694,1.4438012,1.4082642,4.6488123,4.143302,0.70854914,1.7800279,1.8293275,0.7512026,1.3410181,0.622764,1.4871384,1.0408756,1.4023918,4.496445,0.7102184,2.80356,0.6985674,1.3836963,0.9299049,0.8187411,0.9502718,1.2502362,1.0289522,2.3961968,1.8121114,2.4767354,4.1483274,2.2981424,0.78967,0.6136773,0.8884232,1.9449096,0.65133977,1.304724,1.455763,0.8555183,0.96460843,1.9305652,1.516456,0.76020396,1.7854629,1.2103522,1.823807,1.2185969,0.89952064,0.93037605,0.98873746,1.1524389,2.3895702,1.0087442,1.1346459,2.5557098,2.529762,10.534153,0.66327584,1.0116888,1.9778507,0.7940447,1.5862148,0.97133493,0.7567694,7.044277,2.072706,0.899057,0.75848585,1.578649,0.6755028,2.8672323,17.594234,3.7987688,1.8654757,1.9077593,0.78879637,1.2712095,0.849187,0.9677286,0.9708537,0.9531307,0.500445,0.8714415,0.7102184,1.304724,0.78705037,0.7809527,5.7114067,0.7002269,0.7346077,0.62553966,0.786178,0.58788407,0.7043829,0.72447366,2.2533574,0.6295131,0.67386734,10.647343,1.1719704,0.8178532,1.3825326,1.1756854,0.92755044,0.8893455,1.857093,0.8401798,0.3765496,1.3559253,0.70271933,2.3435438,2.3272576,8.213807,9.466132,3.5323043,1.8795015,2.5591838,2.8899584,0.92943376,3.3036895,2.9512162,2.3796544,4.496445,1.2634598,3.1794338,3.3395622,2.156343,1.0478631,1.1984113,1.6449609,2.0922725,1.9942077,1.4629681,2.4852338,1.3778838,1.5189147,1.541151,1.5610816,0.8321108,1.5963368,1.9020857,1.2469423,1.1714401,1.1190684,1.0388834,1.1092615,7.9042034,3.4726713,5.88988,2.7702768,6.542154,4.816753,2.9204676,14.935585,11.1113205,3.4931924,14.827023,3.893416,7.1629806
TEST_00+5일,3.2390363,17.075027,2.3664784,1.633363,0.5640297,1.5660887,5.9278316,2.34028,1.9305652,0.7426726,1.0649327,0.7640759,0.7173182,2.0324626,6.036929,1.3501806,10.113973,0.8374862,1.0649327,13.955485,6.417976,1.3519026,0.79842997,1.4106171,10.830763,9.4100685,3.7428613,20.485598,2.982206,1.6696131,1.5887415,1.4000468,1.3273413,0.786178,0.8568778,0.7554832,9.667348,1.399461,1.1587541,6.0231986,4.2858796,0.96844935,1.6663563,1.316005,0.86733395,1.0316786,0.622764,1.9767148,0.9193326,1.1513882,4.9199047,0.801946,2.0435882,0.6785735,1.1190684,1.1066883,0.76364523,0.877849,0.91068333,0.6425943,2.24384,1.5623324,2.005193,4.265272,2.576605,1.5610816,0.72868896,1.0902939,1.6205361,0.49313644,1.5189147,1.7116535,0.786178,0.9790505,1.9535499,1.7103298,0.7714127,1.578649,1.4533659,2.0265455,1.0974507,1.3663013,1.117,0.8639179,1.541151,2.0206401,0.9776015,1.0339118,2.2692819,2.5194361,11.792105,0.8879622,1.2667779,2.473342,0.9004484,1.3744031,0.8838184,0.8138633,10.624617,2.7850332,0.9284919,0.7443753,1.6496465,0.64630795,3.3821483,15.393337,2.997792,1.8710778,1.376723,1.0438673,1.3148744,0.8893455,0.8204069,0.83793485,0.9445665,0.57514244,0.93509465,0.71617866,1.1201034,0.7966746,0.802386,8.124267,0.6944255,0.6247461,0.7576274,0.7118894,0.64149183,0.71858954,0.71775055,3.2348986,0.6576005,0.7354548,8.52487,1.1388192,0.99749625,1.429524,1.0598975,0.94266844,1.1221747,1.6501318,1.2845564,0.5533745,1.3977042,0.7975521,2.259718,2.0809689,9.730036,11.643072,3.6375198,1.9398811,1.9671012,2.7455058,0.86141676,3.4489841,2.8795257,1.9629389,4.591186,1.2750943,2.6739578,3.0975957,2.0176916,0.9877666,1.5023651,1.4701945,1.8473442,1.8830186,1.2806555,2.7610834,1.2940578,1.2359977,1.5146136,1.6693281,0.9050938,1.431304,2.7263517,1.3778838,1.0314305,1.6039546,1.2002571,1.1159666,7.869489,3.6784587,6.736106,2.8502748,7.340255,5.016066,2.982206,15.782094,9.646534,2.751912,13.580536,3.7987688,5.2710104
TEST_00+6일,5.3078623,11.182494,4.659856,2.3995152,0.8709847,2.1997924,4.5314455,3.5080261,3.2348986,0.9935987,1.0763228,1.1820688,1.1346459,4.459,13.637603,1.9049212,8.181248,1.0488633,1.3074687,11.71737,5.3915734,1.9593242,1.0082539,1.7637863,10.201141,10.624617,4.209014,33.90864,4.3221374,2.6382542,1.4926093,3.1046045,2.285284,1.7024009,1.2359977,0.85099375,20.464626,1.900669,1.8155462,16.725424,6.549523,1.2491376,2.2359302,1.664079,0.8227417,1.7678378,0.76235396,2.531486,1.1788747,1.9912852,7.7234573,0.8383836,3.8269691,0.81297785,2.1074085,1.3058497,1.0634209,1.2002571,0.9505099,1.1810036,5.444849,3.3036895,4.593917,6.8963943,3.6579442,1.8591864,0.73122305,1.5660887,1.7506598,0.54996514,1.1764823,3.2514734,0.8911915,1.3239347,3.4555058,1.4092749,1.0210421,1.7090067,1.7909086,3.2764575,1.6295083,0.88243914,1.0381992,1.311486,1.6501318,1.9047438,1.9477869,1.188471,2.3763556,3.1794338,12.4322195,1.294618,2.1440375,4.249869,1.1004453,1.6562855,1.156647,1.0259824,20.548635,3.8791008,1.3467405,0.9703726,3.0846112,0.85461247,4.9403543,23.322607,8.655987,3.0252142,3.2973897,1.1284013,1.6889095,1.0659412,1.6657054,1.4551635,1.1077172,0.7337609,1.2612505,1.1211388,1.9535499,1.4750237,1.0609035,7.321441,0.786178,0.71481746,0.7060482,0.7567694,0.74778557,0.7194289,0.8728127,2.182652,0.8428773,0.7757427,12.67042,1.946348,1.311486,2.5906036,1.7156286,1.2067126,1.39069,5.1377187,1.3370208,0.5435455,2.9899914,1.0775746,4.3325424,2.7391102,18.697048,9.420239,4.8939466,2.3912258,3.9559355,3.5102277,1.0289522,6.9505587,3.838768,2.6382542,7.6724925,2.475038,3.4707608,4.0315228,2.893759,1.2590432,3.140839,1.7759585,2.6435874,2.210748,1.6103196,5.0543756,1.5799084,1.8073096,1.8004642,2.8672323,0.92943376,1.9738094,2.7979925,1.6514261,1.3473135,1.6540167,1.4342737,1.1377751,12.211064,5.2374187,7.8392253,4.3325424,9.329056,7.852183,4.291044,22.05068,14.10225,4.3429675,15.716667,4.4830427,7.930328
TEST_00+7일,8.827222,4.3796167,7.843542,4.6212974,1.3024744,1.4318976,3.605926,2.905183,3.0488687,1.2207646,1.1810036,1.2447491,1.8907715,4.395401,17.64879,2.6721644,4.429758,1.199183,2.1717925,5.5832033,3.917368,1.6115944,0.9464664,1.4176899,6.534792,4.344272,3.6488557,19.144466,4.610329,3.4294758,1.6218159,2.924298,2.0652134,1.5836904,1.1650878,0.820518,21.31968,1.7922716,1.7637863,16.046373,7.3077393,1.4677833,2.151723,1.3542005,0.84648025,1.6826804,0.79492086,3.0173602,1.6295083,2.426178,8.1064625,1.0082539,4.3013883,0.7735764,2.5040038,1.8348589,1.576132,1.0954034,1.0249933,1.3455949,6.4907722,5.1737876,8.249868,7.389267,6.8196564,2.6507108,0.78967,1.4581623,2.3305085,1.0195624,1.2823265,3.0528245,0.8976666,1.3030366,3.2764575,1.8073096,0.9322621,1.6192567,1.376723,2.924298,1.6866128,0.7937709,1.2789857,1.1895398,1.3988752,1.9971333,2.193549,1.3387331,2.291707,4.632287,6.360249,1.6735266,3.0965955,7.638682,1.2316347,1.9391634,1.1629746,1.0004244,11.471394,4.5993824,1.6064987,1.0043353,3.733607,0.8187411,26.028046,9.688203,13.552086,3.326867,4.3534136,1.1242483,2.8184469,1.294618,1.7076843,1.7610886,1.3375914,0.8709847,1.2934979,1.2584919,2.13484,1.5912709,0.93037605,4.896825,0.6487213,0.66612077,0.60385823,0.67795897,0.6981527,0.6156484,0.62236786,1.5109327,0.8089986,0.58769023,4.481704,2.4362302,1.0558783,2.8521552,1.857093,1.2480397,2.0652134,4.948881,1.6787535,0.637889,3.088602,0.9471793,4.28072,2.394539,8.637146,5.8471203,8.962501,2.394539,6.0921206,3.2245722,1.0548747,11.942894,3.1916962,2.57137,10.738695,3.836406,3.5014274,3.9005892,4.868102,1.2767612,4.610329,1.5698503,4.4803658,2.394539,1.5723612,5.8471203,1.5127724,3.5611653,1.7275887,5.457449,1.1810036,1.9825345,4.7321672,2.4061613,1.3398753,2.0952938,2.0413597,1.500533,17.431524,8.52487,14.765319,6.534792,14.7038555,14.581647,6.1477447,43.56171,29.269974,4.7940755,24.489874,8.599574,15.4574995
TEST_01+1일,3.029147,3.6104262,7.455065,2.62584,0.8636904,2.1656036,2.307819,2.9089987,2.0945382,1.188471,1.1097765,0.7567694,1.0811282,2.1904318,8.213807,1.3137444,3.770733,1.4485788,1.3836963,3.917368,2.220168,1.531244,0.96173275,0.88473845,4.911239,3.0925968,3.0846112,5.11379,4.654331,2.7813387,2.1287231,3.6693301,2.4835324,1.1661453,1.2667779,0.72363186,29.093128,1.29686,1.7156286,19.00723,9.139172,0.7246842,1.493218,0.98582643,0.7118894,2.35663,0.9483682,3.2266355,1.3547753,3.9753323,9.040638,1.2623549,4.06851,0.71691203,2.0968056,1.2185969,1.1672032,1.0378882,1.0740272,1.0269718,8.23182,6.403502,9.814192,9.079935,7.571455,1.5874778,0.80767417,1.4774419,3.8175507,0.6869956,1.9106003,0.9761536,0.984857,0.7792143,2.8899584,1.734256,0.87739056,1.0740272,1.0210421,2.3862617,1.6320775,1.0892736,1.4847107,1.642379,1.0709913,1.750324,1.4944355,1.4798625,1.8738829,3.4381356,3.898197,1.9622155,2.6011384,5.5527368,1.117,1.6944954,0.8893455,0.95408463,21.276129,5.457449,1.9362946,1.148239,5.3201947,0.8700713,19.441725,2.10286,27.659035,3.912568,3.4948382,1.11545,2.1379027,0.9569492,2.038391,0.9607751,1.2535348,0.9266095,1.950667,1.4402239,2.463181,1.4920008,0.8930392,3.0806243,0.6730502,0.73291457,0.6820605,0.7068814,0.6584101,0.6763211,0.8249681,1.0954034,0.70854914,0.6519446,7.4633255,3.088602,2.74825,3.3671956,2.446312,0.9593993,1.885131,5.9685435,1.1970364,0.7576274,4.0290666,1.8710778,5.5719624,1.7275887,2.7409363,3.216329,9.379615,1.7103298,5.6299787,1.914867,0.885659,12.223972,2.3796544,1.4018054,12.353745,4.1533575,2.090763,2.2138848,8.8656845,1.3883564,5.246562,2.4937532,5.7278123,1.5017543,1.118034,9.877743,1.2261931,1.2480397,1.3239347,5.708131,1.4677833,1.3802071,5.125743,1.8376287,1.0269718,1.5799084,1.7746034,1.7530112,7.3077393,6.302971,9.198754,4.2704163,8.769809,8.322416,4.937273,26.99515,19.885654,2.4295254,22.208794,5.6885066,17.252405
TEST_01+2일,3.2101572,4.20393,4.9256887,2.4767354,0.90416384,2.0772104,2.74825,2.0029926,2.156343,0.92755044,1.1139013,0.77444255,1.2164314,1.9942077,7.5547304,1.3686132,3.295292,1.0882536,1.4993123,4.1032767,2.6703718,1.4390328,1.0438673,1.0033569,4.960511,2.8184469,2.7391102,3.3576105,3.9221725,2.156343,1.614146,3.6876054,2.159427,1.0730146,1.3069758,0.7499204,24.489874,1.3273413,1.1237297,19.243069,6.0231986,0.8755581,1.4871384,0.7648836,0.78879637,2.2091806,0.68123937,2.9744358,1.1714401,3.6693301,7.49645,0.6563869,3.5345178,0.72868896,2.193549,1.0669503,0.92003566,0.85370713,1.3570759,0.85009015,5.6041307,4.8338194,6.189749,8.267953,5.5144544,1.5931695,0.78967,1.1916791,2.9705565,0.66327584,1.6735266,1.0349052,1.0821446,0.9493198,2.7409363,1.29686,0.9722977,1.0141461,1.057887,1.950667,1.541151,1.2712095,1.4176899,1.5711055,1.316005,1.6385112,1.3802071,1.3318913,1.7024009,2.3288827,2.8005433,1.5585818,3.2060478,5.6364565,1.1948919,1.420052,0.90416384,0.8828988,17.795053,4.448348,1.642379,1.1650878,6.698424,0.85099375,8.340642,2.1440375,25.145363,3.7013588,3.0528245,1.4271524,2.8861613,0.8627806,2.101345,0.95790493,0.8600539,1.0151298,2.3763556,1.2800987,2.1134834,1.311486,0.87739056,2.4657183,0.6787784,0.6657141,0.6746849,0.73884773,0.73630244,0.6543662,0.8728127,1.8710778,0.6519446,0.66408825,9.920317,3.543383,2.2804751,3.1753542,2.6223006,1.0180838,1.8766909,5.4700737,1.1289209,0.7346077,3.8269691,1.61287,4.3796167,1.9535499,3.2913613,4.5884566,8.943062,1.825186,7.083652,2.2692819,1.0220292,9.793092,2.6721644,1.5417717,13.723621,4.19885,2.3599095,2.576605,7.6724925,1.4366521,4.6212974,3.1529882,5.0899544,1.8598845,1.1906092,6.7059455,1.3002269,1.6179782,1.4581623,3.4079003,1.4822854,1.4629681,5.4197235,1.6014128,1.2381823,2.3468106,1.8293275,1.9334285,6.7285547,4.654331,8.267953,3.9704762,6.3172483,7.2592034,4.7884197,18.353836,15.329426,2.1310155,13.637603,4.7517934,11.942894
TEST_01+3일,2.3036828,4.376991,3.543383,1.5900059,0.86824596,1.7156286,2.2933147,2.13484,2.2311935,0.8709847,1.2013317,0.88750136,1.455763,1.5176849,6.3172483,1.242558,4.1836414,0.70854914,1.531244,6.182731,2.8861613,1.8431764,0.7473589,1.1440473,6.239066,3.4165177,3.2785463,5.565548,3.9559355,2.33702,1.5213757,3.0965955,1.8682753,1.1619186,1.3250697,0.82764333,20.717644,1.5029762,1.3081026,18.053782,6.403502,0.6247461,1.6958113,1.2701007,0.8143062,1.7963649,0.8089986,2.8147197,1.6269417,3.0212853,9.178854,1.2879053,3.7847304,0.8187411,2.3468106,1.1211388,1.1799389,0.9078865,1.2338151,0.9398248,6.6385145,3.5522654,4.8853188,9.563682,5.2648897,1.6269417,0.7731434,1.4414158,1.9607695,0.6592201,1.4390328,0.70355093,1.2013317,0.80723286,2.4094892,0.98534167,0.86187124,0.8512762,1.0811282,1.7476395,1.1587541,1.0121801,0.99262553,1.5498517,1.2867885,1.5912709,1.1336038,1.2392755,1.39069,2.278874,4.4377174,1.5361928,2.2884939,4.128256,1.1025777,1.5324804,1.0004244,0.8321108,19.967398,4.19885,1.2879053,0.9559939,5.3946953,0.7346077,2.5906584,2.5435772,14.642632,2.9013715,2.486936,1.0770675,2.2470093,0.77660996,1.5510969,0.9512243,0.9722977,0.6985674,2.221741,1.1503379,1.6218159,1.3273413,0.88197964,3.24862,0.61841184,0.60268396,0.6144655,0.6828821,0.6207843,0.60424984,0.6730502,1.3262053,0.62236786,0.62236786,4.3169427,3.4555058,2.2533574,3.2722833,2.2981424,0.9598179,2.080217,5.520819,0.98001707,0.64149183,3.1287255,1.4774419,5.1437154,2.2138848,5.013129,3.6149306,8.450747,2.0652134,5.407197,2.529762,0.9916528,8.618341,3.0528245,2.912818,12.275729,3.6876054,2.7281718,2.984151,5.701583,1.5066452,4.3429675,2.3928819,4.265272,1.9767148,1.4629681,6.62361,1.5226071,1.7718952,1.6958113,4.0784187,1.5287734,1.5887415,3.2764575,1.6839905,1.2436533,1.5635839,1.6090453,1.4188707,6.721011,5.197951,8.580843,3.831685,6.7815676,8.177886,4.014354,23.51337,16.0797,2.62407,17.039759,6.62361,12.912845
TEST_01+4일,2.9204676,3.362933,3.9029827,1.634006,0.8187411,1.6288664,2.6775475,1.6997632,2.1409688,0.8442276,1.1725007,0.6406905,0.97181624,1.4750237,7.147053,1.1650878,3.9005892,0.9219116,1.7469687,5.375988,2.9647446,1.6026833,1.0062937,1.1273623,5.482723,5.0632505,4.3221374,9.584334,3.281681,2.5418472,1.899253,3.3864298,1.9535499,1.3918576,1.2370896,0.82318676,22.16351,1.5510969,1.2834412,16.587484,5.675456,0.80392677,1.7583935,1.5723612,0.7516302,1.2153494,0.8764741,2.9319701,1.2645652,3.2452502,7.4303303,1.188471,4.765853,0.7375746,2.5976233,1.1087466,1.0180838,0.82229674,1.2756498,0.78967,4.937273,4.6764617,4.9896865,10.005966,5.7146845,1.7909086,0.6828821,1.0877439,2.5557098,0.6608412,1.6892378,0.67509377,1.0699803,0.88197964,1.7744341,1.2349061,0.8365892,1.578649,1.1356884,1.6317562,1.3205329,0.8417529,1.0220292,1.4390328,1.2164314,1.304724,1.455763,1.0053142,1.7712185,2.7592473,3.992367,1.2458454,2.4395876,3.440303,1.1398638,1.5139997,1.1190684,0.9722977,16.864447,5.1858573,1.541151,1.3848605,6.288721,0.984857,2.6937442,2.528039,18.091034,2.5151424,2.4767354,0.9536076,2.0206401,0.84557885,1.058892,1.0548747,0.9162892,0.801946,1.7610886,1.0763069,1.5158417,1.4629681,0.88106096,4.2268486,0.6271279,0.61210227,0.582466,0.6935984,0.60581726,0.5871089,0.6326989,1.2502362,0.618807,0.6085639,5.4354153,3.6149306,2.2708786,3.7428613,1.770542,1.6735266,2.0413597,5.5080957,0.8600539,0.685349,2.9089987,1.5287734,5.7739606,2.4598005,5.565548,3.7243707,8.665421,2.3631923,5.32637,2.9512162,1.0498639,9.208719,3.353357,3.812848,11.495775,3.5745475,3.140839,3.5124307,5.0190043,1.6320775,3.71055,2.3697674,4.7265725,2.3378346,1.8487349,7.052137,1.6115944,1.9767148,1.7909086,2.7309034,1.2612505,2.0324626,3.1292295,1.7024009,1.3778838,1.8404012,1.3024744,1.4611648,7.267273,4.905469,8.1913395,3.9360113,6.7059455,8.137642,3.9600964,22.852165,14.796141,3.7220645,15.3773365,5.5591393,11.71737
TEST_01+5일,3.6329932,4.041975,3.886253,1.8795015,0.7818225,2.0443313,2.204483,1.7868233,2.3862617,0.924729,1.0111978,0.98291963,1.0553764,1.586057,8.035596,1.3250697,3.5025265,0.9398248,1.4945879,4.785594,2.7528284,1.0816363,1.0240048,1.1403863,4.687559,3.7151523,3.733607,9.920317,3.3565466,2.528039,1.3709276,3.0330837,1.5189147,1.3616842,1.0811282,0.76235396,18.735556,1.5343359,1.3273413,13.298523,5.760743,0.95408463,1.6559613,1.1545419,0.74309814,1.6103196,0.8089986,2.905183,1.2667779,2.221741,7.6724925,1.0014014,4.8338194,0.70771503,2.5976233,1.3013504,0.9172251,0.9790505,1.0851969,0.75950575,5.1437154,4.36912,4.715399,8.349768,5.045513,1.455763,0.80811554,1.1852676,2.4128203,0.61624014,1.4012191,0.6708052,0.984857,0.7418219,1.8529109,1.4956539,0.77834576,2.0443313,1.0964268,1.8780957,1.3825326,1.0180838,1.0538715,1.1619186,0.9897088,1.3501806,1.2007943,1.131001,1.6984453,2.4395876,4.2704163,1.5041986,2.2981424,4.6212974,1.0230168,1.4390328,1.1015513,0.8107661,17.905504,5.1377187,1.1020644,1.1377751,4.9256887,0.9313189,3.855335,2.4911952,14.2952,2.5870988,3.0252142,1.1703801,1.6527212,0.89026827,1.1794068,0.89350146,0.8042571,0.9867963,1.4629681,1.373244,1.9219921,1.0714968,0.8944262,2.6293824,0.663682,0.6832929,0.6555784,0.5995568,0.6410911,0.56670487,0.65073514,1.199183,0.6136773,0.637889,4.43241,2.9550767,2.1671498,3.5924518,1.9767148,1.3616842,2.978319,5.2648897,0.9598179,0.64791644,3.0647154,1.818297,5.1798196,2.2162397,4.439709,3.7940845,6.785368,2.2748737,4.8623743,2.774882,0.9970087,10.333176,3.0915978,2.8871102,9.208719,3.951098,2.804489,3.1947675,5.9008226,1.7691896,4.0833807,2.2280395,4.7714863,2.137137,1.4720043,6.2958426,1.50481,1.4834977,1.7295872,3.1327593,1.3228002,1.9162906,2.3848152,1.5977635,1.3210995,1.4509712,1.3977042,1.5660887,8.151037,5.6364565,8.45998,3.796426,8.693779,8.062106,3.9005892,21.893646,14.46039,3.6465862,14.250456,4.4803658,11.667789
TEST_01+6일,3.0528245,7.9390535,6.505417,4.138282,0.8709847,2.4178233,4.098295,2.6937442,2.5923572,1.1852676,1.5405308,0.9004484,1.054373,2.6435874,11.350195,1.9449096,5.6429405,1.3035989,1.3619725,7.5006,4.659856,1.7010818,0.950748,1.420052,4.221747,5.3140254,3.5723145,8.413901,3.8011124,3.165173,2.210748,3.243178,2.1379027,1.818297,1.6410892,0.9172251,25.975307,2.0637171,1.670917,19.282646,7.455065,1.3137444,2.312668,1.5337173,0.8187411,2.2884939,0.8838184,4.411231,1.4485788,3.0488687,9.563682,1.0740272,5.7278123,0.92496395,2.517718,1.3686132,1.2077904,1.311486,1.1271025,1.3256373,6.8005886,6.7588034,7.6218257,9.563682,6.571673,2.5040038,0.9674884,2.3961968,3.4468124,0.786178,1.9658338,1.0418723,1.0984751,0.9945724,3.18965,1.917715,1.0092347,1.9825345,1.2867885,2.8184469,1.3947792,1.4653745,1.5736175,1.7409396,1.2261931,2.1686964,1.4883531,1.2901407,2.4971666,2.7979925,3.3416815,1.9020857,2.2074182,5.8404365,0.98873746,1.8397077,1.0388834,1.131001,17.395561,4.1836414,1.6372232,1.6787535,5.6429405,0.92755044,5.857157,3.2701979,18.581972,2.8975632,4.448348,1.597605,1.5748744,1.3228002,1.6205361,1.4082642,1.1852676,0.9023052,1.8148589,2.2185962,2.1226184,1.7530112,1.2196805,3.697343,0.75205785,0.7640759,0.7645066,0.74480116,0.8006267,0.68370396,0.6915839,1.3941946,0.75848585,0.7844345,7.9652805,2.5422797,3.547822,4.512572,2.0968056,0.8365892,1.8809078,6.0300603,1.464171,0.78792316,3.5544887,1.9319965,6.203805,3.0114796,6.9273,2.4345527,10.923552,2.8785787,6.505417,3.6171846,1.2590432,14.043372,4.3940835,2.818913,13.326477,5.1018605,3.6898947,4.356028,8.981977,1.3521897,6.360249,2.6435874,8.395533,2.6498196,1.8052542,10.005966,1.9348612,2.6223006,2.039875,4.9546933,1.101856,2.2581265,3.2603054,2.111204,1.7462983,2.099831,2.1379027,2.1440375,8.967366,6.43974,9.238671,3.9632003,10.092287,8.506285,4.853793,23.133327,16.013113,3.7082505,15.505785,5.5399513,13.752407
TEST_01+7일,7.3077393,5.2924814,7.912903,4.512572,1.0679598,2.2660906,2.3191442,3.0587656,3.1166472,1.0740272,1.6064987,1.0882536,1.0141461,2.5696263,12.831563,1.6761388,3.7312963,1.3686132,2.1873176,4.977999,2.7491653,1.4720043,0.88060176,1.2540851,4.1332664,3.7970116,4.0168033,8.846434,4.244745,3.181475,2.193549,3.5611653,2.7227147,1.8487349,1.6931801,0.8528023,28.453493,1.9035031,2.0354254,17.831799,9.060267,1.1672032,2.1764421,1.4023918,0.92285025,2.9396574,0.8700713,3.855335,1.4307104,3.2639472,9.218694,1.3513284,4.348188,1.0141461,2.2375107,1.5824292,1.5361928,0.93037605,1.2723187,1.3524768,7.9828076,6.7436643,8.195828,8.1064625,7.843542,1.5764072,1.420052,2.4362302,4.0192537,0.7253159,2.1810985,0.8514457,1.1927495,0.9722977,3.9704762,2.0354254,0.96269083,1.367457,1.2387288,3.2931952,1.6735266,1.6192567,2.0532632,1.7249264,1.2045586,1.7678378,1.4798625,1.5862148,2.882368,3.5700824,3.1106215,2.250182,2.206048,6.505417,0.8802,1.9477869,1.3353097,1.140909,12.994605,4.657093,1.420052,1.429524,5.7409654,0.8406291,22.759174,3.324755,22.482372,3.1937435,4.374366,1.6735266,1.9738094,1.1388192,1.950667,1.3228002,1.2164314,1.0200555,1.9205657,2.1717925,2.2091806,1.8155462,1.0388834,4.1370277,0.7102184,0.7194289,0.7118894,0.66937816,0.7018881,0.5987759,0.7486392,1.0941249,0.6608412,0.6612468,7.2270036,2.6578481,3.3522942,4.1785817,2.5005836,1.2327247,1.4432046,6.3172483,1.6475451,0.69939697,3.5879693,2.0592325,5.432274,2.5160007,5.6526785,4.265915,9.563682,2.5971842,6.7134748,3.39286,1.2305453,13.897179,3.5544887,2.777648,12.858604,3.9850593,3.5323043,4.1357737,8.304226,1.5392907,5.780579,2.6507108,7.791876,2.702773,1.6288664,11.1113205,1.8141718,2.529762,1.9492266,6.8196564,1.455763,2.2154546,4.7209826,2.486936,1.464171,2.196669,2.8184469,2.154802,9.963058,8.195828,13.021965,4.811075,11.134998,9.399907,4.9955387,28.338665,20.380943,3.7987688,20.887978,5.754144,18.165752
TEST_02+1일,5.1377187,6.567977,5.3697643,2.9860969,0.8591459,1.5635839,4.1609116,2.311051,2.0742068,0.9955465,1.7773143,0.8609624,1.1440473,2.6721644,15.619004,1.5139997,7.504751,0.9935987,1.6269417,10.489185,4.1565037,2.4767354,0.9209734,1.0923362,4.7940755,3.6025538,5.0780716,7.4468117,4.5666695,3.481689,2.4564235,2.8785787,1.9477869,1.4653745,1.228368,1.7963649,24.992617,4.459,1.2979817,17.216791,9.62576,1.812798,1.9607695,1.3433053,0.92943376,2.0622215,0.86824596,2.6721644,1.2077904,2.7629201,12.53757,1.0984751,5.1018605,0.9771188,1.3605313,1.3410181,0.99262553,1.3250697,0.98873746,1.0964268,7.389267,8.827222,10.070643,12.121062,10.877067,1.8584884,0.9209734,1.5510969,1.9854485,0.81607884,1.1916791,1.1450945,1.2823265,0.8518978,2.7665968,2.9705565,0.9531307,1.8766909,1.0811282,2.962809,2.2343504,1.3686132,1.1981094,1.0498639,1.1036046,1.6014128,1.5066452,2.517718,2.34028,3.0806243,3.0856087,1.4834977,3.4294758,1.8935076,0.9588612,1.4023918,0.836365,1.1036046,4.014354,8.195828,0.849187,0.9069552,2.3928819,0.8446779,47.655537,6.3172483,15.782094,3.78006,5.407197,1.6866128,2.6223006,1.0629172,1.7156286,1.1036046,1.2535348,0.88657993,2.0742068,1.1906092,2.0742068,1.5115459,1.1273623,3.8886395,0.7662306,0.8374862,0.8045875,0.7346077,0.92943376,0.68452626,0.828536,1.1325623,0.94266844,0.7705479,5.2648897,1.7691896,1.8738829,2.8559191,1.6553129,1.1005254,1.2524347,2.719081,1.110807,0.72363186,2.6973531,1.1471903,5.8071175,2.3159046,5.500156,5.2832704,7.389267,2.1764421,7.210951,2.6276107,1.1916791,15.68405,3.0965955,2.407825,13.523692,4.0784187,2.9281323,2.9377341,8.07096,1.5189147,3.770733,2.0622215,5.4700737,2.1271958,1.5950694,9.3189745,1.7369275,3.8743384,1.7922716,8.322416,2.3961968,2.5074272,7.504751,3.6693301,1.6179782,3.5879693,2.962809,2.6649992,26.886007,18.316072,23.03924,10.900287,19.243069,20.297586,13.214988,68.28866,30.537329,7.488157,34.389183,8.769809,29.746656
TEST_02+2일,5.407197,8.884972,4.743374,2.35663,1.0319265,2.045818,5.451146,1.9971333,2.5142844,0.83894473,1.5473627,0.9694107,0.9360398,2.278874,14.61211,1.4497747,8.788909,1.1831346,1.3341697,10.853891,5.7278123,1.6288664,1.035899,1.1842008,6.1059856,3.0409684,4.358644,3.2890046,7.131156,3.770733,2.7082012,2.5870988,1.4847107,1.3364503,1.2812123,1.6553129,19.085537,4.1483274,1.4461888,11.569208,12.379852,2.259718,1.8626788,1.3007886,0.8737273,1.9477869,0.78792316,2.2533574,1.4259676,2.4362302,11.968198,1.1056598,5.457449,0.8746425,1.7262572,1.1831346,0.96652794,1.2557366,1.0974507,1.057887,7.791876,7.488157,6.9972806,8.674865,5.767349,1.6631036,0.8334532,1.2083294,1.8837225,0.78530604,1.3848605,1.1232113,0.9722977,1.1419545,2.463181,2.6829386,1.0180838,1.5736175,1.1190684,2.3796544,2.1779933,0.9867963,1.420643,0.9776015,1.4318976,1.9262755,1.5711055,2.221741,2.2185962,2.8785787,2.3747072,1.4774419,2.3697674,1.8522145,0.9877666,1.3421614,0.9921391,0.8609624,4.6267896,6.009495,0.8383836,0.88657993,2.080217,0.81165045,23.417803,9.379615,15.425387,3.52567,4.1483274,1.3918576,2.4228337,1.1524389,1.5736175,0.9906805,1.0062937,0.85370713,1.9391634,1.316005,2.2692819,1.2513351,1.0398793,4.03398,0.7160739,0.8258594,0.73122305,0.7957975,0.86824596,0.58014965,0.7473589,1.2229344,0.8392815,0.8037066,6.0300603,1.5263051,1.2895817,2.1363711,1.5748744,1.0031123,1.1398638,2.0682082,1.0478631,0.5782219,2.407825,1.0230168,4.219198,2.576605,5.335644,9.258688,7.6724925,2.37306,6.534792,2.912818,1.3137444,12.275729,3.397152,3.0567844,12.590554,4.0784187,2.5761685,3.2639472,8.962501,1.4871384,4.7997365,1.8907715,5.0307717,2.618765,1.7449577,7.5547304,2.0015268,2.7154508,1.9883654,4.9955387,2.1810985,2.473342,4.209014,2.4011755,1.7489815,2.473342,2.1717925,2.2154546,22.852165,13.104366,20.802645,7.7064357,13.868112,18.46757,9.814192,54.457947,23.417803,6.7134748,24.24216,7.5380383,22.992334
TEST_02+3일,4.3429675,6.7285547,3.6876054,1.5585818,0.9322621,1.5573328,5.5080957,2.3337626,2.2154546,1.1036046,1.373244,0.955039,1.1820688,1.5849522,9.440611,1.5660887,8.363474,1.1087466,1.6372232,9.334101,5.9109387,1.6243775,0.8967402,1.3778838,4.339056,3.0800018,3.9384222,6.071373,6.389056,2.7009656,2.9550767,1.9912852,1.812798,1.2890228,1.4617658,1.5213757,14.8579645,3.6967697,1.7050414,11.993551,12.379852,1.3536258,2.3288827,1.4414158,0.849187,1.41533,0.8419777,1.8654757,1.4569623,2.5522392,9.793092,1.0598975,4.698679,0.8600539,1.5963368,1.1799389,1.199183,1.1139013,0.84648025,1.214268,4.8910694,6.189749,7.1629806,8.035596,5.457449,1.6449609,0.8893455,1.2420106,2.0952938,0.6927716,1.4012191,1.1788747,0.7931689,0.8528023,2.833392,1.5078695,1.0299432,1.4461888,1.2734286,2.193549,1.9738094,0.9069552,1.1555941,1.1336038,1.3137444,2.159427,1.5660887,1.3364503,2.5906036,2.463181,2.512569,1.6657054,2.1195705,1.8098702,0.9598179,1.4993123,1.0053142,0.76536834,6.1337976,5.2343736,0.8718984,0.8609624,2.2629027,0.7774776,8.249868,11.052328,11.278042,3.0488687,2.982206,1.41533,2.2884939,1.1077172,1.4342737,1.0872343,1.0062937,0.6624639,1.750324,1.2667779,2.0742068,1.5066452,1.1799389,2.631155,0.63589084,0.6755028,0.6820605,0.70355093,0.8143062,0.6535586,0.7320686,1.0062937,0.7354548,0.78356344,3.1104019,1.8738829,1.2800987,2.1532621,1.576132,0.9809841,1.3330302,2.6507108,1.2458454,0.630309,2.2485952,1.2056354,3.836406,3.27437,7.0797057,9.952357,5.7739606,2.7574122,4.555807,3.621696,1.493218,7.5547304,4.244745,3.886253,10.113973,2.2327716,3.2225099,4.1963124,4.7546024,1.176748,3.5834908,2.0015268,4.249869,3.015399,1.8100524,5.3573356,2.5349364,2.0742068,2.488639,2.4801323,2.0176916,2.6703718,2.8861613,2.3159046,2.0206401,1.633363,2.3664784,2.272476,16.7948,10.556704,14.220698,6.7436643,11.064103,11.742233,6.8502617,36.74524,18.851534,6.0990496,21.189281,7.052137,14.951155
TEST_02+4일,3.348046,8.887385,2.3045902,1.9020857,0.54429936,1.3313221,4.3901343,2.0073948,2.3928819,1.1087466,1.3941946,0.88106096,1.199183,1.9912852,8.808046,1.1661453,6.8809867,0.9722977,1.1744906,7.504751,4.8853188,1.2072514,1.002379,1.480468,8.009163,5.11379,4.7126083,7.069849,5.83376,3.0449166,2.0854855,1.6462526,1.5635839,1.188471,1.6192567,1.110807,14.827023,3.451157,1.1216568,10.201141,9.440611,1.4533659,2.5005836,2.0176916,0.7354548,1.6243775,0.8921151,1.6892378,1.2890228,2.278874,7.4468117,0.9027697,3.1317506,0.77227783,1.5868461,1.0964268,1.0448655,1.0428696,1.1346459,0.9360398,4.4696727,6.7134748,7.930328,7.5882125,5.5080957,1.9391634,0.9313189,1.2745389,2.7154508,0.7792143,1.1906092,1.2957387,0.790107,1.0649327,2.32401,1.6546648,0.8921151,1.5811684,1.1714401,2.1409688,1.4944355,1.1294408,1.294618,1.3547753,1.3755628,1.6039546,1.4473835,1.3513284,2.294923,2.028763,4.5966487,1.1377751,2.0265455,1.940599,0.9209734,1.8459542,0.8591459,0.6427948,5.8471203,4.4696727,0.8482843,0.9502718,2.4061613,0.79229355,6.8502617,14.927806,9.772032,2.33702,3.140839,1.3895229,2.1440375,0.93793136,1.3871906,1.0974507,0.8944262,0.9407722,1.2845564,1.199183,2.33702,0.80282605,0.9965212,7.4633255,0.6730502,0.6985674,0.7110537,0.79492086,0.7931689,0.6894686,0.8718984,1.8626788,0.9636494,0.6584101,6.403502,1.5887415,1.2701007,1.833475,1.3848605,1.0669503,1.1756854,2.442948,1.2957387,0.5155395,1.6514261,0.99262553,3.838768,3.6556704,6.2744994,9.782557,6.668411,2.9512162,4.555807,4.1533575,1.5811684,5.9958177,4.40331,3.8269691,8.846434,2.7813387,3.6014302,4.8853188,4.4165177,1.3490334,3.3735976,2.0592325,4.2755656,3.4773145,2.2933147,4.943074,2.1363711,2.2533574,2.6829386,3.0330837,1.6039546,3.0528245,2.4335048,2.37306,2.0779617,1.770542,1.5660887,2.751912,14.566438,10.761644,13.049378,5.948158,10.477972,12.750755,7.2270036,30.230846,18.128357,7.147053,19.124805,7.27535,12.912845
TEST_02+5일,3.7059522,8.552815,3.1086147,1.7834234,0.6783686,1.5423923,5.1018605,2.0354254,2.553974,1.1598084,1.4414158,1.0508652,1.0319265,2.3541725,10.71579,1.3473135,9.793092,1.1863348,1.5535895,10.635975,4.9474287,1.5736175,0.87830746,1.4467862,6.865609,4.045053,4.45234,14.10225,4.3221374,2.7245328,2.0162187,1.8404012,1.3341697,1.4485788,1.7209377,1.0679598,14.796141,3.5522654,1.3353097,11.134998,6.9972806,1.2734286,2.3705902,1.989825,0.9877666,1.420643,0.9172251,1.7854629,1.5912709,1.900669,8.23182,1.1471903,3.5014274,0.7424599,1.6644042,1.4581623,1.1661453,1.1388192,1.0760535,1.1842008,3.9221725,4.265272,6.1059856,7.912903,4.9256887,1.6224561,0.8453536,1.2272803,2.6223006,0.81165045,1.5660887,1.271764,0.8147492,0.93793136,2.7850332,1.8710778,0.86255324,1.5836904,1.214268,2.0473056,1.442012,0.76364523,1.6997632,1.0649327,1.541151,1.3848605,1.6579072,1.2211713,2.2343504,1.9839911,5.013129,1.3467405,2.5108542,2.0199027,0.8541598,2.2660906,1.0720026,0.62563884,11.182494,6.8196564,0.8289824,0.9322621,2.3207655,0.75334156,8.03339,24.09469,7.131156,3.2348986,3.7151523,1.2579405,2.5108542,1.0558783,1.5213757,0.86187124,1.0111978,0.7413967,1.5090944,1.1201034,2.2375107,1.0831616,1.010216,5.08401,0.7324915,0.77834576,0.7844345,0.83479655,0.77834576,0.6820605,0.8249681,1.6397998,0.85099375,0.8718984,6.267399,1.467181,1.429524,2.1810985,1.205097,1.1799389,1.1981094,2.490343,1.2480397,0.6681559,2.0922725,1.2045586,4.2242975,3.2608254,16.046373,11.158723,5.125743,3.0340683,3.618876,3.8281476,1.544255,7.1351275,4.2537155,3.1702604,6.854096,2.3858483,3.1794338,4.344272,4.1583924,1.2145383,3.150961,2.4094892,3.831685,3.1947675,1.8165774,5.178311,1.775281,2.052518,2.518577,2.2359302,1.5092475,2.9195106,2.2884939,2.1058915,2.025068,1.6496465,1.7302537,2.4564235,14.10225,8.779354,11.182494,4.254998,10.7760105,7.7940226,5.857157,28.742533,13.723621,7.202936,10.730101,4.286525,10.217561
TEST_02+6일,5.5017433,9.154034,5.8873577,3.1287255,1.1440473,1.9934769,6.7514668,3.140839,4.2858796,1.2491376,2.3763556,1.0646807,1.7156286,3.5924518,15.667764,2.0742068,12.7911,1.3296152,2.1532621,14.028688,7.315856,1.8114249,1.1703801,1.7375958,11.350195,6.4980907,10.853891,16.587484,4.376991,2.958941,2.517718,2.3541725,1.7610886,1.634649,1.9549924,1.5189147,20.717644,5.0307717,2.156343,15.68405,8.580843,1.316005,3.2039945,1.8348589,0.9660479,1.7409396,1.1263237,2.531486,1.6282246,2.5245953,9.537923,1.3657237,5.85381,1.1273623,2.4496794,1.5436339,0.98291963,1.4732116,1.2507856,1.3720855,7.8262863,5.524004,5.512864,13.326477,4.2871704,1.8217394,1.0053142,1.7182819,2.3549914,0.85370713,1.8362435,1.5103197,1.3639916,0.95456177,4.311753,2.5034692,1.1598084,1.8893603,1.3639916,2.7721183,2.2533574,1.2557366,1.899253,1.3069758,2.0562463,2.314286,1.565932,1.8823148,3.6876054,3.4208329,5.2511387,1.4366521,2.5349364,2.8747928,1.2267365,2.19199,1.4485788,1.2623549,11.6184025,8.580843,1.1895398,1.1693207,2.8296502,0.9431428,10.388649,21.494734,10.647343,4.1483274,5.5719624,1.7637863,3.1287255,1.2115667,1.8515182,1.3165705,1.242558,0.84738207,1.9810785,1.7449577,2.4094892,1.6218159,1.2985429,4.994807,0.81918514,0.8410785,0.828536,0.9172251,0.9780844,0.70521533,0.88197964,1.5654622,0.8655113,0.86733395,7.852183,2.5366628,2.3517168,3.2931952,1.826566,1.5755031,1.7369275,4.687559,1.634649,0.71691203,3.1773934,1.5849522,6.3387175,4.3143473,22.028181,17.831799,7.3974633,3.7637498,5.5912447,4.928582,1.7786708,12.750755,5.6526785,4.0266113,9.491715,3.0036523,4.1937757,5.8237567,6.140768,1.8258759,5.482723,2.924298,5.3201947,3.7266781,2.408657,7.9042034,2.432038,2.4707987,3.0114796,2.976377,2.1810985,3.8791008,2.3640137,2.5142844,2.5211549,2.0443313,2.182652,3.0449166,23.802328,10.900287,15.70035,5.036664,13.227139,12.497967,10.489185,41.938362,19.252956,8.515573,12.754113,5.400943,16.340197
TEST_02+7일,6.52009,4.5395546,7.6555705,2.7924333,1.0200555,1.9362946,3.953516,3.0350535,4.0192537,1.3790451,2.0176916,1.0659412,2.314286,4.8566523,19.72312,2.0029926,6.102517,1.4509712,2.6757522,7.8927975,3.7614243,2.8521552,0.94084716,1.697128,6.372838,4.2013893,9.963058,6.93989,5.4953966,2.636478,3.1246955,2.8165827,2.2981424,2.1409688,1.812798,1.6918653,24.639668,4.523349,1.8459542,16.742743,9.3391485,1.6154228,3.0945957,1.7103298,1.1030911,2.0206401,1.1325623,3.4555058,1.3802071,2.7702768,11.930261,1.6115944,6.182731,0.99505943,2.1686964,1.9477869,1.1772795,1.7449577,1.2513351,1.1911441,7.283436,8.71273,10.624617,17.181246,8.23182,1.9767148,0.8972033,1.8073096,2.3895702,0.8446779,1.4841042,1.493218,1.9564357,1.0887635,3.9414372,4.1182494,1.010216,2.272476,1.5374315,3.0449166,2.3337626,1.6397998,1.8515182,1.1629746,2.3500805,1.9120219,1.8045694,1.7834234,3.770733,3.100598,2.5401185,1.6527212,2.6865368,2.3631923,1.0790968,2.1640582,1.2823265,1.3895229,9.751013,7.005094,1.0974507,1.2229344,3.1692426,0.97567123,34.389183,11.380384,18.620256,3.5656216,6.036929,1.9942077,2.777648,1.3490334,1.7369275,1.3433053,1.2370896,1.010216,2.050283,1.7963649,2.4395876,1.7637863,1.1938205,4.8054028,0.7966746,0.8646006,0.7529136,0.7931689,0.74634606,0.695667,0.8169658,1.0573846,0.76752466,0.78879637,4.051215,2.4784334,2.4395876,3.4381356,2.0652134,1.6064987,1.7449577,4.5884566,1.5862148,0.6511382,2.962809,1.7678378,6.989475,3.7870672,11.37434,9.288787,9.158994,3.7128506,6.7891707,4.5530953,1.8696762,16.864447,4.93003,4.0364385,12.53757,4.3221374,4.0070143,5.750847,7.5547304,1.7878441,5.767349,2.9899914,6.403502,3.939025,2.3191442,9.178854,2.3961968,3.2307649,2.8017035,5.9685435,2.6973531,3.59021,5.1317277,3.8175507,2.2860863,2.777648,2.9281323,3.3395622,24.24216,16.899372,25.557095,11.040564,21.363316,18.620256,13.187251,60.98876,29.806767,10.647343,29.806767,9.501966,31.096596
TEST_03+1일,5.584811,7.9652805,5.8873577,1.8515182,0.7131437,1.516456,4.4643335,2.4496794,3.4729443,1.1273623,1.4701945,0.9493198,1.4247833,2.2965324,14.0727825,1.6090453,6.7285547,0.975189,1.6064987,7.1133094,2.9929147,1.6761388,0.98291963,1.614146,11.993551,5.9821672,7.6555705,19.561852,8.000369,5.332551,5.2710104,2.9109077,1.6307926,1.2701007,1.3790451,3.2307649,29.388447,5.9008226,1.4714009,20.152493,15.880715,1.4968728,2.1394353,1.4980922,1.1336038,2.0088637,0.88197964,2.36073,1.2568383,1.5579572,11.704956,1.7262572,4.6158104,1.1461421,3.2348986,1.4461888,2.278874,1.4224166,0.9555164,1.1895398,4.896825,8.469223,14.370067,12.45848,10.993622,2.2359302,1.0841789,1.300578,2.978319,0.9162892,2.7758038,1.3977042,1.5189147,1.0790968,4.5071907,1.6533687,1.4414158,2.7887313,1.6696131,4.374366,2.6614218,1.5213757,1.88654,1.9162906,0.9999361,1.4653745,1.634649,3.0252142,4.948881,5.2526655,14.310144,1.9622155,2.1417356,6.161719,1.0679598,2.1656036,1.0230168,1.188471,15.946785,5.5144544,1.5386708,1.4701945,3.838768,0.8573312,32.245064,16.864447,19.642328,3.5924518,2.699159,1.3216662,3.733607,1.1304808,1.6631036,1.0319265,1.1346459,1.3250697,1.7557011,1.9593242,3.3950055,1.4774419,1.3137444,8.053261,0.91068333,0.7844345,0.9116165,0.7346077,0.9069552,0.7774776,0.9181615,1.989825,0.8001871,0.7757427,10.300022,1.826566,1.8404012,2.312668,1.3148744,1.2923783,1.1513882,3.013439,1.1312611,0.54769635,2.182652,1.1159666,7.6894474,2.475038,18.091034,18.697048,10.201141,2.3549914,11.495775,2.7281718,1.2002571,24.09469,3.4642167,2.4161549,24.143751,4.6212974,2.2629027,2.9377341,9.218694,2.6793437,7.9828076,3.3099983,8.450747,2.2327716,1.6853013,11.817114,10.830763,8.788909,1.914867,12.044406,2.463181,7.9828076,14.400115,8.053261,5.482723,3.912568,4.28072,5.9958177,136.79695,77.20824,105.0661,41.190178,81.28232,106.736404,69.3798,445.55496,100.208984,55.111668,119.65904,27.771204,128.44826
TEST_03+2일,4.0039597,9.979129,4.4803658,1.6618035,0.7740094,1.9578795,5.6885066,2.10286,2.9657125,1.3262053,1.6449609,1.1450945,1.3182678,2.259718,10.038258,1.9564357,13.926304,0.98001707,0.98582643,13.410667,4.209014,1.5950694,0.9636494,1.6192567,16.146547,5.7343855,7.5213785,12.340711,7.1152906,4.698679,4.311753,2.8662882,1.367457,1.6039546,1.4581623,2.6793437,26.561125,6.0782824,2.0000615,19.682686,12.45848,1.5090944,1.9305652,1.6291873,0.9945724,1.9477869,0.9464664,2.7850332,1.4581623,1.634006,13.438841,1.7854629,5.520819,0.84648025,2.4767354,1.0558783,1.3628376,1.2979817,0.9398248,1.1159666,5.1768026,6.331554,10.135701,10.658724,10.534153,2.5211549,1.1492882,1.1831346,2.719081,0.9588612,2.467411,1.4012191,1.2601466,1.3410181,3.9005892,1.60463,1.2689925,2.905183,1.527539,4.2858796,2.1748915,1.5988736,1.9564357,1.0287046,1.697128,1.826566,1.9942077,2.737285,3.5190454,4.60759,12.069908,1.642379,2.8975632,4.5993824,1.1273623,1.5213757,0.98873746,1.0418723,19.243069,4.3848734,1.41533,1.4438012,4.0833807,0.76795626,9.369483,29.269974,9.481475,3.0330837,3.2307649,1.1077172,3.3353262,0.9785674,1.5963368,1.140909,1.2957387,0.7160739,1.3582273,1.3582273,2.6471474,1.2251062,1.1149336,11.040564,0.8911915,0.8240772,0.8828988,0.80811554,0.8330056,0.63429403,0.78705037,3.6511261,0.92285025,0.9219116,10.871269,1.6666819,1.6944954,2.6011384,1.3895229,1.3663013,1.4980922,2.8390112,1.3002269,0.57591176,2.4395876,1.078082,7.35656,3.068687,19.3223,35.583942,8.175646,2.5074272,8.142104,3.100598,1.4012191,16.213657,3.418675,3.0095215,20.339224,4.98384,2.66858,3.2973897,7.6724925,2.1440375,6.016343,3.6375198,6.52009,2.9377341,1.9680068,10.157472,6.009495,6.267399,2.37306,8.618341,2.62584,6.62361,9.877743,6.5642824,5.0780716,4.12325,4.411231,3.7013588,85.56863,48.51837,66.15687,23.8994,47.75066,61.109955,40.53608,236.16356,59.434643,43.214928,54.349735,15.4574995,64.090675
TEST_03+3일,3.7604117,17.503664,3.286911,1.1513882,0.8482843,1.9035031,8.3772,3.3565466,3.3735976,1.1682616,1.2634598,1.0141461,1.2934979,2.7592473,9.709099,1.3239347,18.620256,1.0082539,1.5773902,22.482372,8.053261,1.8348589,0.9266095,2.3599095,20.664686,7.455065,10.6701145,9.34925,8.3772,4.9256887,3.4642167,4.138282,1.6735266,1.9162906,1.8032002,2.2280395,29.866995,6.288721,2.2154546,26.561125,14.642632,1.6553129,2.488639,2.4278512,0.9116165,2.0922725,1.0210421,2.4598005,1.3825326,1.8964231,13.438841,1.6115944,5.2710104,0.85009015,2.1997924,1.4438012,1.4533659,1.4023918,0.955039,1.1419545,5.2894096,5.457449,8.674865,18.851534,9.646534,2.0603063,1.2088686,1.2535348,2.924298,0.8737273,2.4362302,1.6230965,1.1842008,1.035899,3.2390363,2.5211549,1.1388192,3.1287255,1.7936354,3.5745475,2.3631923,1.41533,1.4388839,1.104632,1.5723612,1.6566098,1.7249264,2.159427,3.68303,4.816753,21.494734,2.0118036,2.2311935,4.2704163,1.0319265,1.9651098,1.1810036,0.96173275,22.666546,3.68303,1.1672032,1.0923362,4.7209826,0.739697,4.084622,26.186876,5.9821672,2.6901388,2.8975632,1.0697275,2.8975632,1.0745336,1.6372232,1.0558783,1.0468634,0.8410785,1.0179607,1.4176899,1.9134442,1.188471,1.2890228,10.444393,0.84738207,0.78356344,0.8636904,0.7320686,0.85461247,0.6551742,0.8764741,3.49923,0.92755044,0.83390087,8.249868,2.0532632,2.156343,2.6046567,1.4106171,1.2034825,1.5535895,2.935812,1.2557366,0.6247461,2.4699516,1.1714401,6.137282,3.9972448,27.436008,59.908638,7.3117967,3.208102,7.27535,4.1157513,1.6026833,15.782094,4.811075,3.6397848,27.10472,2.5731142,2.9377341,4.4456887,6.360249,2.036908,6.331554,3.3184245,5.6299787,3.4970336,2.1379027,9.814192,4.966335,5.476395,3.1106215,4.9199047,1.614545,5.662431,5.8471203,5.066212,2.8729012,2.159427,2.8128574,3.6602192,88.66618,47.941467,63.332344,20.887978,56.66714,54.026367,35.37021,238.02365,59.671177,54.675003,66.948494,22.666546,61.597088
TEST_03+4일,5.125743,22.184725,2.3013647,1.3007886,0.6596252,2.1733415,11.44706,2.8380742,3.3226438,1.0900388,1.9305652,1.2381823,1.1498129,2.916641,9.936325,1.419166,27.659035,1.156647,1.9134442,29.388447,10.377533,1.5938027,0.9531307,2.5418472,21.916012,4.6488123,11.817114,12.9672985,10.266965,3.6048017,3.451157,5.222209,1.1778111,1.900669,1.7583935,2.32401,36.087547,7.3077393,2.6435874,27.325148,14.8579645,1.3069758,2.62584,2.7063909,0.8267512,2.1074085,0.96460843,2.3045902,1.4726079,1.8668752,10.630295,1.0336635,5.476395,1.003846,2.34028,1.3137444,1.0609035,1.3501806,1.168791,1.2229344,5.2986293,8.637146,11.5202055,17.503664,10.830763,2.5731142,1.0750401,1.9680068,3.8458612,0.9455162,2.5870988,1.6631036,1.1102917,1.1863348,3.4773145,2.3533537,1.2601466,2.6578481,1.6644042,3.3778708,2.1656036,1.5337173,1.9449096,1.0033569,2.0235913,2.1256692,1.6579072,2.7813387,3.1542559,4.1182494,21.671162,1.3790451,2.6757522,3.9317956,0.95790493,1.6967988,1.1545419,0.91456485,16.82959,2.7354605,1.1852676,0.93273395,5.6494308,0.76795626,6.407118,34.981606,5.9821672,2.7702768,3.5656216,1.5598314,2.2692819,1.267885,1.4461888,1.214268,0.9893748,0.76192373,1.0943805,1.1440473,1.6560423,1.1087466,1.4378421,5.6950417,0.9219116,0.79492086,0.7541979,0.81607884,0.7516302,0.6828821,0.74821234,3.5879693,0.9069552,0.7346077,16.0797,1.4593629,1.7149656,2.4011755,1.4620663,1.1149336,1.5023651,2.2264638,1.1746234,0.7043829,1.8893603,1.002379,8.769809,4.4857206,27.214718,30.971464,9.899009,3.2722833,7.49645,4.659856,1.6631036,18.620256,4.6199255,3.6761749,30.971464,3.2122135,3.475129,5.2161355,8.808046,2.0059268,7.27535,4.2962136,7.8262863,3.762587,2.4538927,12.223972,4.424458,5.425996,3.2722833,4.6432986,1.9774417,7.0207443,6.239066,5.432274,3.3310947,2.6829386,3.0945957,3.5790172,99.02986,48.809372,72.75739,21.671162,63.332344,56.106724,37.414597,243.69193,73.62682,68.01853,61.109955,26.453674,80.96153
TEST_03+5일,4.6972876,26.886007,2.9089987,1.3498938,0.8249681,1.8950092,18.165752,2.4849148,2.9705565,1.2229344,1.6918653,1.0811282,1.1658809,2.5453079,11.680166,1.6592054,23.133327,0.89350146,2.1287231,27.214718,19.00723,1.8907715,1.0498639,2.1471095,19.48169,4.8910694,8.501644,16.7948,7.7319803,3.7021658,3.1753542,3.7940845,1.2327247,2.1532621,1.7402706,2.3337626,28.568771,8.035596,2.159427,19.682686,10.466768,1.39069,2.4775844,2.285284,0.86505586,1.7462983,0.8254137,2.2091806,1.0775746,1.7637863,10.761644,1.4082642,4.5179577,0.8653974,2.3533537,1.4714009,1.5748744,1.6631036,1.3639916,1.2873468,5.2771378,6.403502,9.782557,13.926304,9.584334,2.6811407,1.2784294,2.32401,3.2931952,1.1211388,2.1051333,1.6663563,1.1077172,1.4059136,3.8886395,2.196669,1.2612505,2.5941117,1.7296705,3.9269817,2.6223006,1.670917,2.1471095,1.2890228,2.193549,2.217025,2.0413597,2.5194361,4.459,3.8886395,22.759174,1.1629746,2.7998476,4.4165177,1.0659412,2.0191655,1.085706,1.0763069,11.266058,2.5818481,1.1273623,1.1874027,5.546341,0.78225756,7.4798717,26.186876,4.219198,2.777648,2.1119635,1.3749828,1.8907715,1.2778732,1.6372232,0.973261,1.1577003,0.8746425,1.734256,1.5263051,2.0562463,1.6839905,1.3450223,6.7891707,0.90137655,1.0619102,0.8303225,0.77227783,1.0062937,0.6608412,0.87922484,3.5611653,0.67754936,0.78530604,17.942465,2.3207655,2.3500805,2.530624,1.6052263,1.0969387,1.4088522,2.9860969,1.6761388,0.5782219,3.0567844,1.3547753,7.389267,3.9814095,17.75838,33.43462,11.350195,3.2608254,7.5380383,4.1798463,1.6767921,15.70035,4.4830427,2.9792905,27.436008,3.647579,3.1499476,4.4710083,9.461023,1.7416089,5.584811,3.8695805,6.52009,3.5700824,2.2091806,9.920317,4.4443593,4.5687084,3.0340683,4.143302,2.5108542,7.8608317,4.8630896,6.2461386,3.770733,2.763839,2.6284964,3.4582262,60.98876,36.305496,45.88305,20.049461,41.770958,43.82358,30.90908,146.2582,44.52945,41.025696,41.770958,17.905504,56.77988
TEST_03+6일,5.5016937,29.269974,4.746179,2.486936,1.1315212,2.5383902,15.782094,3.3099983,3.8411312,1.4762325,1.1232113,1.1216568,1.2272803,4.654331,15.880715,2.737285,24.09469,1.1149336,1.7977307,37.11565,14.161359,1.9106003,1.0604005,1.7892057,16.450617,5.8054557,7.779007,29.03441,11.3260975,6.0782824,5.1437154,3.9317956,1.9070495,2.1287231,2.0044594,2.0862389,46.99485,10.288992,3.013439,29.987804,18.165752,1.5115459,3.1388175,2.5340736,1.0629172,2.0960495,1.0294477,2.156343,1.3467405,2.7409363,13.723621,1.4904803,6.2532187,1.1914116,3.9850593,1.9971333,1.9694564,2.4295254,1.4247833,1.4430555,6.8579316,5.6202736,9.856518,14.340076,9.814192,3.2848182,1.3930258,2.7009656,3.917368,1.0408756,3.0607479,1.9694564,1.3501806,1.404739,5.85381,2.2248888,1.5238392,2.6847372,2.250182,4.668153,3.243178,2.1043754,3.71055,2.2280395,2.8634574,2.5245953,2.4362302,2.7245328,4.931478,4.7884197,21.983248,1.8661753,4.3848734,6.7588034,1.1762166,2.5600529,1.2940578,1.39069,14.8889675,3.8293266,1.6288664,1.4307104,4.4312286,0.9469417,9.399907,36.451504,8.880146,3.9850593,2.7794929,1.7355914,2.7947485,1.3800619,1.7282548,1.5201449,1.7718952,0.88992214,2.4496794,1.7369275,3.78006,1.5349548,1.716955,9.040638,0.99262553,1.0568824,1.0240048,1.010216,1.0082539,0.7683879,0.9694107,4.9141264,0.8428773,0.8424275,25.765383,4.014354,4.19885,5.013129,2.3978558,2.0652134,2.4128203,8.904297,2.3435438,0.8406291,5.9958177,1.91914,7.4814243,5.1647506,35.942955,33.033447,14.46039,3.992367,8.527195,5.3109436,1.9120219,20.464626,5.722886,3.8892365,28.511076,6.660926,3.8779097,5.9312153,7.605003,2.0317223,5.837097,3.417057,7.740512,3.939025,2.551372,12.683777,6.2073236,7.0011864,3.5456018,7.5505543,2.7091064,8.846434,8.013563,8.693779,4.291044,3.0360386,3.4316392,5.4890566,86.58907,48.809372,64.47318,25.505276,52.021797,66.15687,41.687504,210.76321,62.458782,49.10208,60.506363,22.52828,78.43984
TEST_03+7일,6.8502617,19.282646,7.067879,3.4338036,1.3895229,2.3337626,9.238671,3.850596,5.0307717,1.4438012,1.6797347,1.367457,1.5324804,4.3013883,20.632975,3.197841,18.92923,1.3616842,2.2029188,23.51337,6.773972,1.9449096,0.91138315,1.7206056,7.5192986,6.43974,6.7701774,19.48169,7.3036838,6.3746386,5.1197634,3.6602192,2.463181,2.1625137,1.9492266,2.7336369,37.26483,8.92366,2.0206401,24.891281,12.697146,1.2606984,3.2245722,2.6205325,1.3639916,2.1571136,1.2469423,2.9938898,1.716955,2.6901388,15.393337,1.3524768,6.2461386,1.3069758,5.1858573,2.2185962,2.978319,2.0443313,1.8045694,1.2590432,7.912903,6.505417,14.765319,13.187251,11.37434,3.6967697,1.2590432,2.071206,3.5124307,0.89952064,2.558315,1.9956702,1.7396016,1.2778732,6.865609,2.4606452,1.2365437,3.2101572,2.7850332,4.8054028,3.6511261,2.1287231,3.733607,2.5453079,2.825912,2.3582695,2.3207655,2.9880435,6.2744994,6.8349442,11.005341,2.2470093,3.49923,6.52009,1.2806555,3.0409684,1.5685959,1.3364503,9.673861,6.016343,2.4228337,1.5176849,4.943074,0.8884232,28.917318,14.198419,15.139182,4.2242975,3.7940845,1.4354626,3.39286,1.4545641,1.7766364,1.4117945,1.7182819,1.3918576,1.4318976,1.8376287,3.9607775,1.801832,1.5900059,4.6653857,0.92755044,0.9209734,0.9004484,0.8728127,0.88335854,0.67019343,0.8921151,3.5345178,0.8930392,0.91255015,15.938512,4.4377174,4.291044,4.632287,2.3995152,2.0682082,2.250182,7.1789393,2.2029188,1.3092299,5.1018605,2.1317801,10.070643,4.509881,18.968193,17.612402,18.620256,4.257565,12.53757,5.0988817,2.0309823,24.192907,5.300167,3.8541498,23.802328,8.92366,3.911369,6.414355,9.751013,2.809136,8.177886,3.3564136,10.511648,4.349494,2.7500806,13.868112,9.667348,12.406011,3.3586743,14.161359,3.037024,9.803637,19.642328,14.796141,5.413457,5.9413757,5.3573356,7.6724925,87.9684,59.19903,76.29709,35.942955,55.995296,82.90519,50.290215,240.84119,72.46984,41.025696,89.017136,23.657427,93.33714
TEST_04+1일,4.7997365,3.936614,6.17572,2.8710108,1.3455949,1.88654,4.231317,2.4345527,1.7182819,1.2701007,1.4993123,1.1263237,1.2656713,1.7369275,2.6676846,1.6540167,6.773972,1.1820688,1.3953638,5.5783834,3.3907154,1.4035652,1.1346459,1.2557366,10.489185,4.472344,5.914314,14.220698,6.9234304,3.2101572,2.5609221,2.1748915,1.614146,1.3605313,1.6436696,2.9860969,26.99515,3.7660766,2.4835324,23.996855,8.555148,1.6205361,2.3681226,1.8196735,1.2789857,2.038391,1.0111978,2.5906036,1.2121067,2.1532621,7.2697964,1.750324,3.733607,1.1725007,2.777648,1.4701945,1.3988752,1.750324,1.7422783,1.2579405,6.4907722,5.08401,9.258688,8.73172,9.099642,2.7118242,1.7936354,2.0295026,2.8147197,0.8103241,3.7243707,1.9377286,1.4774419,1.2191386,6.0231986,1.4123834,1.6256592,2.0176916,1.6826804,4.7602253,2.0742068,1.4509712,2.050283,1.3496069,2.5941117,2.4937532,2.24384,2.5418472,4.234511,4.501816,7.8868294,1.6527212,2.6524937,4.276854,1.1948919,2.0922725,1.1948919,0.9374583,12.9672985,3.3778708,1.381079,1.5635839,4.448348,0.925669,22.852165,20.55916,20.464626,3.2122135,2.9570084,1.0488633,2.2772732,1.3524768,1.6167002,1.242558,1.0498639,1.0862153,2.566142,2.2343504,3.1046045,1.118034,1.39069,9.258688,0.89026827,0.9369853,0.82942903,0.97422475,1.1492882,0.6977382,0.95408463,2.719081,0.9694107,0.88657993,10.993622,1.9825345,1.6501318,2.7665968,1.376723,1.2957387,1.228368,2.2660906,1.376723,0.6334963,2.0000615,1.1294408,5.9821672,3.12671,8.962501,20.962917,6.292281,2.6847372,9.461023,3.5323043,1.493218,10.601934,3.9462652,3.466397,11.3260975,4.5993824,2.5626612,3.2245722,6.189749,1.899253,5.240465,3.0056078,5.662431,2.5993805,2.0428452,6.7134748,3.0766413,2.385435,3.1916962,2.7702768,3.1307418,3.0232491,2.6231852,3.5522654,2.2933147,1.9971333,3.5656216,3.7847304,12.994605,6.8502617,9.835335,4.8853188,9.963058,7.843542,8.267953,20.802645,5.7409654,10.807678,5.662431,4.9141264,6.6834025
TEST_04+2일,2.842762,10.635975,3.0488687,1.91914,1.0841789,1.9825345,5.4732337,2.4128203,2.0532632,1.2469423,1.5213757,0.97422475,1.2923783,2.0817213,2.9899914,1.8738829,11.993551,1.0796045,1.61287,9.149077,4.98384,1.9854485,0.9455162,1.5811684,13.410667,4.276854,3.4729443,6.8425994,8.552815,3.3078942,3.6081755,2.1074085,2.1748915,1.7182819,1.8515182,2.6973531,13.287182,3.3864298,1.701494,9.936325,9.198754,1.7050414,2.3862617,1.9578795,1.4000468,1.3524768,0.8948888,2.5731142,1.2557366,2.426178,8.229567,1.5461192,3.939025,1.1895398,2.5074272,1.4587625,1.4426081,1.8155462,1.7583935,1.373244,4.6048527,5.6429405,7.283436,8.599574,8.693779,2.1203322,1.826566,1.6800618,2.1625137,1.3069758,2.1009667,1.9305652,1.0362097,1.6631036,3.5939236,2.2981424,1.4659765,2.4128203,2.0088637,4.3299394,1.7713876,1.6436696,2.0280237,1.2354518,2.2375107,2.217025,2.5800996,2.4044986,3.6397848,3.58461,20.339224,2.0354254,2.2241015,4.3508,1.2099475,2.0443313,1.0210421,1.1820688,8.4230995,3.4208329,1.4659765,1.2485886,2.271278,0.8764741,12.223972,50.290215,12.327689,2.5160007,2.982206,1.3941946,2.4178233,1.564836,1.1414317,1.3398753,0.8298757,0.99262553,1.8879498,2.2884939,2.5169666,1.0204254,1.5685959,5.701583,0.9877666,1.0720026,0.9172251,0.91255015,1.1036046,0.9209734,0.9190984,3.3310947,0.95408463,1.1471903,16.348665,1.6715692,1.9420351,2.0495384,1.304724,1.3191171,1.420643,1.8362435,1.6064987,0.96652794,2.0228534,1.1430006,4.9199047,4.2242975,10.388649,41.190178,6.3065376,3.1327593,6.9234304,4.43241,1.9305652,10.750164,4.8853188,4.3377523,10.624617,3.5102277,2.9705565,4.1032767,5.7706537,1.8612813,5.2282887,3.2452502,5.2526655,3.7197592,2.5800996,5.758268,3.401448,3.0577748,4.0635624,2.5852726,3.7243707,3.2931952,2.32401,3.8163745,2.7354605,2.220168,3.220835,3.6784587,26.99515,12.243358,18.016603,6.5292754,15.6555605,14.228132,12.211064,44.48501,9.74052,19.865267,9.141646,7.7319803,10.070643
TEST_04+3일,3.2452502,12.845077,3.1773934,1.3369695,1.3364503,1.8605828,8.000369,3.3416815,1.6077716,1.4414158,1.4023918,1.176748,1.6787535,2.6169984,4.31305,2.3288827,15.716667,1.1895398,1.5862148,12.204616,8.331525,1.8508221,1.0428696,2.1104445,9.435514,7.917256,9.3189745,5.197951,7.022703,2.2454243,3.3353262,2.1904318,2.3013647,1.6748323,2.394539,3.0806243,10.935202,3.4381356,2.1195705,10.480774,7.075762,2.34028,3.4446416,2.8899584,1.7156286,1.9912852,1.5461192,3.068687,1.7462983,1.614146,9.440611,1.7664866,5.520819,1.5361928,3.2019422,2.2185962,1.7841032,2.1717925,1.8459542,1.8879498,3.7486544,4.5004725,5.0916276,11.242125,7.8262863,3.1773934,1.7476395,2.1717925,2.840886,1.018515,2.159427,2.6703718,1.3262053,1.4023918,3.2882195,1.9727205,1.6787535,2.2185962,2.62584,3.7660766,2.3796544,1.6039546,1.9334285,1.4714009,2.6937442,1.9578795,1.9106003,2.5074272,3.7036548,3.6036775,30.353079,1.5676553,2.1943288,5.0914416,1.4497747,2.924298,1.2734286,1.104632,8.72222,3.1246955,1.5263051,1.885131,1.8626788,0.8410785,3.7777267,35.798927,6.5022106,2.4929004,2.7208972,1.5368121,2.5418472,1.8710778,1.4354626,1.41533,1.0720026,1.1756854,2.0302422,2.1783814,2.8465166,1.2890228,2.3207655,16.24731,0.98582643,1.2088686,0.8410785,1.0974507,1.316005,1.0299432,1.010216,3.7243707,0.9050938,1.1608633,16.725424,1.955714,2.7118242,2.6721644,1.5066452,1.7881844,1.8224285,2.7082012,1.9956702,0.98582643,2.6011384,1.2834412,5.793835,6.3279753,20.696445,38.01954,8.031185,4.618553,7.2159643,6.8617697,2.6418087,11.990379,7.54638,5.8037944,12.491378,2.7684364,4.1785817,6.0472445,4.7209826,2.0450745,6.769229,4.000448,4.922796,5.1707735,3.3735976,5.2955546,3.5014274,3.546712,6.102517,3.3430066,4.684783,4.2128305,3.2754138,4.4830427,3.733318,1.9927461,4.463667,3.5553226,18.091034,7.083652,11.01707,4.05862,11.643072,7.504751,6.958327,23.51337,5.701583,14.61211,4.5884566,5.3078623,5.83376
TEST_04+4일,2.648038,17.998043,3.068687,1.3333151,0.97618,1.7146342,10.923552,3.140839,1.2867885,1.4774419,1.41533,0.9588612,1.3628376,2.207614,3.1748447,2.0652134,20.049461,0.91114986,1.2568383,18.203222,9.899009,1.5017543,0.7696836,1.9978651,8.271347,9.060267,7.467459,7.1789393,8.151037,2.3231986,3.1773934,2.7227147,2.193549,1.7302537,2.3664784,3.3522942,13.752407,3.397152,1.7997805,11.301107,7.865159,1.765136,3.3395622,3.3310947,1.6944954,1.5547197,1.3536258,2.2884939,1.4188707,1.7936354,8.880146,1.8766909,5.7212453,1.3194001,3.2101572,1.8487349,1.5256884,2.0295026,1.6154228,1.2137275,3.365064,4.1209054,5.0112944,10.556704,8.506285,2.5099971,1.6052263,1.7822345,3.0488687,1.2812123,2.5040038,2.6542776,1.2414633,1.2873468,3.3778708,2.2965324,1.7289209,2.311051,1.7577202,4.1483274,2.1287231,1.9477869,1.7216021,1.9767148,2.1409688,2.4128203,2.0413597,2.8483953,4.1785817,4.2704163,27.88381,1.5399106,2.2688828,4.138282,1.3965337,2.7427635,1.110807,1.2061739,8.913974,2.9647446,1.311486,1.5862148,1.6397998,0.88106096,4.0784187,28.460684,4.8224363,2.5435772,2.3070116,1.5542129,3.0806243,1.5069513,1.4091463,1.1333435,0.9474171,1.140909,2.1055598,1.8870686,2.9089987,1.178077,1.9607695,21.145985,1.0468634,1.0740272,0.82764333,1.0740272,1.3182678,0.7696836,1.0053142,3.3565466,0.9190984,1.0508652,9.011265,2.13484,2.7537446,2.705486,1.4710993,1.6905513,1.6997632,2.6382542,2.0073948,0.7261585,2.2549462,1.3194001,7.157004,6.675903,16.24731,32.52217,9.415153,4.400672,5.623507,7.2350416,2.5557098,14.385083,6.854096,6.2549896,12.511155,2.8521552,4.3104563,6.8579316,5.5591393,2.9109077,8.330385,5.1888785,4.8910694,5.565548,3.5756645,5.860506,4.4271073,4.8252797,6.3818436,4.0808992,5.633217,5.4748144,3.876719,4.5071907,3.388572,2.7100122,5.6591783,5.1579814,15.239971,6.389056,10.727237,3.9221725,12.321183,7.389267,6.8502617,20.152493,5.623507,16.459139,4.6653857,4.8795743,5.432274
TEST_04+5일,3.3395622,23.180508,2.071206,1.7409396,1.0697907,2.5040038,13.46707,3.4653068,1.5300086,1.4798625,1.7922716,1.1534901,1.5988736,2.5444424,3.7987688,2.34436,23.03924,1.1783429,1.825186,19.642328,12.044406,1.6090453,1.0568824,2.256536,10.784638,8.996611,6.42885,16.484734,7.4303303,2.2517693,3.362933,2.3337626,1.9334285,1.9578795,2.4236693,1.9020857,13.955485,5.1048408,2.080217,10.152025,10.059837,1.8935959,3.4305573,2.57137,1.5729892,1.7604146,1.4744196,2.1748915,1.4987022,2.025068,10.092287,1.7895461,8.413901,1.2895817,3.013439,2.1165254,1.6462526,1.8348589,1.8780957,1.4707975,3.987494,3.947473,5.4890566,12.121062,6.417976,2.4767354,1.7813857,2.0107236,2.8890088,1.5573328,1.8231176,2.716358,1.3965337,1.7476395,3.7730632,2.997792,2.2613099,2.1912107,2.314286,3.7844384,1.7396016,1.5887415,1.8134847,2.6435874,2.1478777,2.1617417,2.1256692,2.7500806,4.4377174,4.1157513,21.189281,2.1241436,2.272476,6.182731,1.3513284,2.842762,1.0331671,1.6179782,8.469223,3.1357875,1.4283378,1.801832,1.9535499,0.97181624,7.067879,29.21091,3.8175507,4.0290666,2.0309823,2.6081786,2.636478,1.7922716,1.5912709,1.2751051,1.0249933,1.2701007,2.3582695,2.5557098,3.1448848,1.2278241,1.9883654,14.734557,1.1087466,1.4822854,1.0841789,1.0398793,1.2912593,0.7645066,1.2381823,3.2597852,0.9116165,1.2305453,8.168927,2.1578846,2.8184469,3.0193222,1.6787535,1.8543042,1.7691896,3.451157,2.34028,0.85823834,2.7500806,1.4726079,7.6302495,6.3047543,33.976887,39.5739,11.170603,4.4710083,6.9041095,6.8983226,2.7455058,16.639086,7.048206,5.6885066,16.596073,3.5489326,4.225573,6.3047543,5.568754,2.9147289,9.278745,5.6364565,5.8204255,5.446423,3.5611653,8.031185,3.9729037,4.36912,6.1915045,3.836406,4.8252797,6.128575,3.6443179,4.3796167,2.9415815,2.4446297,4.7841816,4.459,12.37822,7.052137,9.476358,5.0484657,11.338894,7.5068283,7.41799,16.578897,5.914314,13.594782,6.0921206,4.9170146,7.1649737
TEST_04+6일,7.4221015,14.400115,3.8465638,3.1106215,1.642379,3.7151523,10.946863,3.876719,2.5142844,1.6696131,2.3582695,1.19972,1.5224532,3.0488687,4.715399,2.7245328,19.48169,1.5635839,1.4947401,18.890343,10.97022,2.2138848,1.0984751,2.4044986,9.651083,6.567977,8.957638,55.331284,6.1094565,2.597843,2.381305,3.343802,2.1021023,1.5670285,2.7979925,2.5160007,28.975807,5.246562,2.924298,22.16351,7.340255,2.0547545,4.0315228,2.3248215,1.6192567,2.294119,1.4330853,3.0488687,1.8780957,2.5453079,14.8579645,2.5349364,7.2592034,1.5467408,3.326867,2.3045902,2.1195705,2.0637171,2.278874,1.885131,6.161719,3.735919,7.5380383,16.213657,6.62361,4.0635624,2.255145,2.6081786,3.4598591,1.2940578,2.700062,3.1712787,1.8780957,3.3099983,4.43241,2.9396574,2.2052655,2.935812,3.1287255,4.71819,2.0272846,1.6997632,2.146341,3.1692426,2.7938223,3.2890046,2.8147197,2.3321352,5.780579,4.5179577,23.46554,2.840886,4.05862,11.917639,1.8114249,3.6171846,1.5189147,1.7476395,14.734557,6.9118323,2.9666808,1.7637863,2.809136,1.085706,7.936871,43.128654,6.3065376,6.8963943,5.432274,4.3273373,3.7894053,2.0682082,2.1363711,1.6256592,1.9420351,1.3605313,3.0095215,3.6171846,4.400672,1.7396016,2.4564235,8.52487,1.1440473,1.4053262,1.1128693,1.2272803,1.500533,0.79207474,1.3194001,3.543383,1.0892736,1.2979817,13.523692,4.4910803,4.5830016,5.9958177,2.6721644,2.2029188,2.486936,6.653448,2.5168593,0.8194072,6.036929,1.8279464,8.515573,7.6260366,32.37518,41.107857,14.827023,5.2131014,8.580843,8.473848,2.980262,16.382584,8.648917,7.340255,18.677822,5.500156,4.9546933,7.761877,7.5589085,3.7894053,8.093133,4.6917267,6.9234304,6.1512356,3.7975974,10.410914,5.246562,6.1413126,6.4944305,6.8992867,5.6299787,5.5049186,6.441557,6.0266285,3.7684042,3.0786324,6.0903893,5.767349,11.832769,7.513061,8.67959,5.2343736,9.94701,7.504751,7.488157,14.028688,5.332551,10.157472,4.8054028,5.5124664,6.3458877
TEST_04+7일,9.54307,7.048206,9.021046,4.2704163,2.0354254,3.733607,7.7064357,4.0561504,3.4035978,2.0295026,3.4729443,1.4012191,1.8556982,2.7675164,4.5045023,2.5574465,9.10951,1.8654757,2.2327716,9.0014925,7.740512,2.3697674,1.3398753,2.496313,4.2242975,8.413901,7.504751,33.16665,6.057575,3.8175507,2.774882,4.260133,2.882368,2.1165254,2.57137,2.9958403,37.414597,8.142104,2.9473596,28.6845,8.186853,2.2091806,4.176054,3.1126292,1.7712185,3.5834908,1.5623324,3.3015885,2.3796544,2.3722365,12.858604,1.9796233,6.586476,1.6167002,3.9996853,2.1165254,2.4937532,2.1058915,2.9550767,2.206048,8.267953,6.17572,13.298523,12.262772,9.584334,4.4803658,2.2359302,2.7537446,3.898197,1.6320775,4.209014,3.0945957,3.0095215,2.7082012,6.1547284,3.481689,1.9883654,3.0567844,2.9860969,6.8349442,2.576605,2.285284,2.7665968,2.611704,2.7739606,4.2294016,3.7660766,2.9860969,7.27535,5.914314,12.710529,3.18965,4.06851,12.858604,1.7262572,4.1483274,1.5103197,1.5554605,13.752407,9.461023,3.3864298,2.2692819,6.331554,1.1056598,27.436008,20.360073,14.796141,8.267953,7.210951,2.1216655,3.6693301,2.0952938,3.2597852,1.6800618,2.5108542,1.4473835,3.1855605,3.9607775,4.6048527,2.446312,2.1058915,4.9955387,1.1693207,1.2974207,1.0329189,1.2890228,1.3871906,0.8893455,1.2218492,3.5080261,1.0811282,1.214268,9.258688,5.2832704,4.555807,6.9273,3.5790172,2.9550767,2.3045902,6.7588034,2.737285,0.925669,6.009495,2.0235913,9.168919,6.414355,16.293692,20.64354,15.619004,5.594464,13.897179,7.8047643,3.12671,17.02215,8.28834,6.42885,15.542092,9.62576,5.222209,8.594888,11.667789,3.4079003,8.710953,5.3822174,8.483104,6.6497116,4.2473063,13.214988,7.4056683,8.126494,5.750847,8.73172,5.3078623,7.6294594,6.698424,9.78124,4.9119606,3.39286,7.438567,7.083652,19.551815,14.364439,15.177646,10.097704,13.347479,14.939476,14.183584,26.061058,10.092287,11.099499,11.212273,6.8464293,13.242779
TEST_05+1일,3.2266355,3.12671,6.2461386,0.9897088,0.67060125,1.5598314,2.5691907,1.5824292,1.4738156,0.7354548,0.9965212,0.63908905,0.8258594,1.1284013,1.770542,1.0709913,3.4598591,1.0240048,1.1440473,4.05862,2.5657067,1.3410181,0.746506,0.9242591,3.0389957,2.7571828,2.605977,6.1442556,7.4056683,2.882368,2.212316,2.7118242,1.1592813,1.4176899,1.1703801,2.4767354,21.232662,5.1018605,1.2579405,18.658615,12.121062,1.6115944,1.5029762,1.3977042,0.9004484,2.7263517,0.8609624,2.1256692,1.1756854,2.2692819,14.430223,1.1273623,6.0921206,1.2535348,1.782744,0.9162892,1.1149336,1.2667779,0.8764741,1.1087466,10.946863,8.506285,6.203805,11.993551,4.743374,1.2275522,0.9674884,1.0679598,3.0173602,1.1273623,1.734256,1.8100524,0.90137655,1.1398638,2.893759,1.5090944,1.2251062,1.4920008,1.304724,2.7961385,2.1317801,1.2077904,2.1379027,1.0205488,2.5453079,1.7449577,2.3468106,1.8964231,2.9396574,3.2183883,1.8176091,1.6997632,2.7409363,6.360249,0.7931689,1.3330302,0.79229355,0.7792143,2.490343,4.811075,1.9049212,1.0121801,1.5337173,0.6657141,25.975307,12.659577,25.043432,3.5345178,2.5591838,1.5090944,3.855335,0.96844935,1.4617658,0.7093836,0.65800524,0.7426726,1.4449947,1.4354626,2.1317801,1.2272803,1.0168524,3.1835172,0.76020396,0.6326989,0.7102184,0.7499204,0.6714172,0.71858954,0.6722335,0.96460843,0.6430956,0.647112,3.735919,3.4208329,2.3664784,2.6542776,1.5862148,1.1682616,1.5263051,5.83376,1.3965337,0.9445665,2.0592325,1.1377751,31.285215,26.453674,4.234511,2.7299926,43.911213,24.639668,25.247694,2.3419116,2.6293824,82.08979,54.241737,47.37128,36.524723,14.250456,2.9319701,32.505806,27.380524,4.05862,25.81771,11.471394,40.943695,34.320133,12.353745,2.115004,165.53981,101.00278,29.03441,101.00278,20.675268,39.892124,31.602045,72.901596,22.992334,5.1377187,45.066135,35.228416,4.257565,3.9005892,3.8246126,3.2245722,3.9777622,3.6761749,4.0958066,5.2435126,2.6276107,3.749814,3.8246126,2.6560624,3.749814
TEST_05+2일,3.3939326,3.6104262,6.6087346,1.1906092,0.7010573,2.0607266,1.9883654,1.5660887,2.2820773,0.8249681,0.8930392,0.78705037,0.8267512,1.3092299,2.0354254,1.1948919,2.432038,0.98873746,1.0240048,2.4852338,1.818297,1.4023918,0.820518,1.0151298,7.8176713,3.295292,3.2660298,5.2009783,6.9738855,3.481689,2.3468106,2.615233,1.41533,1.4798625,1.3825326,2.531486,19.967398,4.8910694,1.7476395,14.280271,11.278042,1.3092299,1.5560844,1.311486,0.783128,2.196669,0.8573312,2.0206401,1.0851969,2.1195705,16.24731,1.3433053,6.389056,1.2316347,1.4895685,1.0730146,1.3002269,1.3205329,1.0523678,1.2381823,9.62576,8.159978,5.662431,9.29884,4.448348,1.4629681,0.87418485,1.2327247,2.5211549,0.9916528,1.6748323,2.1317801,0.8948888,1.2756498,3.4642167,1.6761388,1.1211388,1.6218159,1.3639916,2.3062043,2.0622215,1.527539,2.0000615,1.0821446,2.486936,2.3305085,1.5982392,2.0922725,3.3693287,3.0252142,3.3496387,1.078082,2.4530497,5.754144,0.90137655,1.6192567,0.8939638,0.81342053,3.3078942,3.9801936,1.7422783,0.99847186,1.1703801,0.63429403,11.37434,39.7327,22.57428,2.2390919,3.4555058,1.3605313,3.6465862,0.93415004,1.8404012,0.80282605,0.8392815,1.0699803,2.221741,1.4247833,1.9767148,0.9559939,1.2110268,2.8903143,0.69194525,0.68452626,0.71858954,0.7194289,0.84738207,0.6952531,0.6714172,1.0765605,0.6215759,0.71775055,3.4948382,2.2901,1.3848605,1.9927461,1.634649,1.4271524,1.4509712,4.254998,1.2305453,0.6612468,1.8950092,1.1703801,26.99515,17.831799,5.9549465,4.5649705,38.634007,20.632975,23.802328,3.068687,1.9549924,73.62682,46.25076,42.02231,32.768597,14.490615,2.7118242,31.22222,25.661036,4.128256,22.208794,10.761644,34.320133,31.857746,10.444393,2.912818,109.72296,71.898094,24.992617,79.0629,16.0797,31.474941,27.771204,58.497692,21.893646,6.7588034,32.768597,27.325148,5.708131,4.9199047,5.1557264,3.831685,4.8738356,4.348188,4.8738356,6.8425994,3.165173,4.6048527,4.348188,3.165173,4.306568
TEST_05+3일,4.687559,4.888193,7.1949296,1.1315212,0.6935984,2.80356,3.1570458,1.9723576,2.7887313,0.79930836,0.9598179,0.76278424,0.90416384,1.4545641,2.488639,1.29686,4.593917,0.76795626,1.0092347,5.3511305,3.0826173,1.541151,0.7261585,1.500533,6.9525,4.164693,3.7151523,5.830424,6.989475,3.2639472,2.5142844,2.615233,1.3686132,1.2667779,1.5824292,2.3207655,22.852165,5.793835,1.8626788,14.673214,12.912845,1.3778838,1.914867,1.4695914,1.0230168,2.0652134,0.94172007,1.6295083,0.9172251,2.159427,14.7038555,1.4847107,9.379615,1.0111978,1.5139997,1.0821446,1.1735618,1.5041986,1.199183,1.3663013,9.3391485,7.438567,6.0782824,12.327689,4.523349,1.7909086,0.7541979,1.0141461,3.2266355,0.7303779,2.5142844,2.446312,0.7211088,1.3778838,4.4059486,1.2338151,1.0558783,1.373244,1.4581623,3.1773934,1.7637863,1.924847,1.7396016,1.2305453,2.9089987,2.5383902,1.6064987,2.2820773,3.4208329,3.49923,2.3995152,1.1629746,2.1656036,5.5976844,0.64149183,1.6527212,0.8737273,0.7809527,3.140839,3.0252142,1.9680068,1.0004244,1.304724,0.59021175,7.2511415,24.021278,19.046345,2.528039,2.5731142,1.0649327,3.5879693,0.88473845,1.8907715,0.79492086,0.78879637,0.93037605,1.8710778,1.6192567,2.0147462,1.0720026,1.5862148,4.8452244,0.6495265,0.6215759,0.6422936,0.5987759,0.79842997,0.62236786,0.6559826,1.1555941,0.5972154,0.644701,4.1223125,2.33702,1.4786519,1.9291346,1.373244,1.2689925,1.148239,3.6375198,1.1419545,0.5322815,1.7222667,0.924729,24.589638,17.539839,9.359362,7.29963,39.258152,18.851534,21.232662,4.2370677,2.3862617,70.20941,41.35531,31.986347,34.946484,12.379852,3.0488687,28.917318,23.51337,4.0487494,21.671162,10.049042,28.338665,28.800682,8.674865,3.7312963,91.87458,67.48142,21.407036,59.434643,13.13194,26.240028,22.759174,51.301826,21.145985,5.860506,29.269974,24.992617,8.1913395,6.4433737,7.111329,5.267949,6.7398844,6.1582227,6.6198883,10.086872,4.66262,6.385449,6.4433737,4.980919,6.3279753
TEST_05+4일,4.3013883,4.1937757,5.7278123,1.0339118,0.6081712,2.0592325,3.1086147,1.8459542,2.2091806,0.8401798,0.87739056,0.80546886,0.8089986,1.2381823,2.0295026,1.1650878,4.36912,0.8001871,1.2099475,4.8195934,2.9204676,1.4023918,0.68864393,1.2739836,6.9738855,4.960511,3.7220645,5.3511305,6.8349442,3.7847304,2.099831,2.8109963,1.7129779,1.5017543,1.5213757,2.1440375,23.133327,4.20393,1.782744,12.069908,10.027483,1.5374315,1.9593242,1.5723612,1.0478631,1.4390328,0.74778557,1.9305652,1.0468634,2.0413597,19.243069,1.2767612,6.8349442,1.2645652,1.7664866,1.057887,1.1740925,1.2131871,1.3918576,1.2645652,9.420239,7.1789393,5.1527214,13.242779,3.1347778,1.8935959,0.9069552,1.2294564,2.893759,1.2359977,2.6435874,2.272476,0.7809527,1.2381823,4.523349,1.2612505,1.1356884,1.5938027,1.5685959,3.2764575,1.5127724,2.1287231,1.9334285,1.1398638,2.3664784,2.2280395,1.6772007,2.036908,4.7209826,3.18965,3.8358154,1.0275286,2.5108542,5.4385586,0.7118894,1.950667,1.0458642,0.6592201,3.3586743,3.8081505,1.5189147,1.1820688,1.2800987,0.582466,5.069175,27.659035,20.887978,2.512569,2.6329284,1.0240048,3.12671,0.9502718,2.1104445,0.88750136,0.7253159,0.75505465,1.9854485,1.1656165,1.9305652,0.79842997,1.3069758,3.9789777,0.60424984,0.62236786,0.5948774,0.62871766,0.76536834,0.5855597,0.6689706,1.2436533,0.5948774,0.6081712,4.798321,1.8809078,1.455763,2.0473056,1.1986462,0.91208327,1.1087466,2.9473596,1.2480397,0.46765664,1.818297,0.85823834,23.996855,13.897179,4.1975813,7.455065,32.37518,14.765319,21.145985,4.1937757,1.9578795,62.582848,30.475792,26.886007,34.666744,11.158723,3.0409684,27.214718,20.008389,4.128256,19.763634,10.399776,26.99515,23.609314,8.674865,3.9559355,68.01853,49.298172,16.382584,48.13302,9.522498,22.666546,18.543764,37.867416,15.4574995,5.3822174,22.254168,19.3223,8.258906,7.5630884,7.6979375,5.880635,7.2350416,6.796781,7.29963,10.168373,5.072139,8.044424,6.9195623,5.2648897,7.3647246
TEST_05+5일,3.9656243,4.6007495,5.1497183,1.1398638,0.71356195,1.7050414,2.9329302,2.033203,1.9825345,0.8437774,0.90881836,0.76192373,0.93935126,1.4467862,2.2037008,1.3030366,3.580135,0.7499204,1.176748,3.9559355,2.5340736,1.3069758,0.7774776,1.7355914,5.638077,5.0717683,4.349494,7.504751,4.8224363,3.2890046,1.899253,2.34028,1.9477869,1.3918576,1.50481,2.0206401,18.203222,4.411231,1.6579072,12.146715,8.142104,1.4390328,1.9978651,1.4689885,0.89026827,1.6243775,0.8374862,1.4944355,0.8976666,2.0295026,13.781248,1.1725007,6.9738855,1.1545419,1.7476395,1.1492882,0.985584,1.1336038,1.0629172,1.6320775,8.322416,7.6555705,3.834045,11.917639,3.6738923,1.7530112,1.0004244,1.316005,2.9899914,1.6579072,1.6501318,2.531486,0.71481746,1.0418723,2.8559191,1.5461192,1.188471,1.3013504,1.176748,2.924298,1.2700747,1.2338151,1.9854485,0.98582643,2.1873176,2.4971666,2.3664784,1.4980922,2.3476276,2.7813387,6.4907722,1.6064987,2.636478,4.8910694,0.7375746,2.0354254,0.83166355,0.73122305,3.054804,3.2890046,1.2491376,1.0299432,1.3936101,0.62991095,6.331554,21.848974,18.165752,3.0212853,1.8907715,1.316005,2.719081,0.86778986,1.597605,0.78792316,0.7152362,0.8125353,2.1810985,1.2890228,2.5383902,1.0398793,1.2294564,4.6212974,0.6267307,0.6820605,0.658815,0.70854914,0.7792143,0.62593657,0.6551742,1.5287734,0.6267307,0.64269453,8.386362,2.6293824,1.9205657,2.1873176,1.3467405,1.1587541,1.3536258,3.4555058,1.3307531,1.0141461,2.221741,1.0508652,21.450842,14.8579645,3.675604,6.9933767,25.87014,14.400115,20.008389,4.09954,2.473342,52.125458,28.6845,24.192907,27.214718,9.522498,2.480982,22.759174,16.046373,3.547822,17.576084,9.54307,21.893646,20.380943,8.73172,3.8281476,62.088043,44.61846,14.7038555,43.56171,10.853891,19.401838,15.68405,37.489697,12.223972,4.512572,20.973644,18.165752,8.306499,6.96027,6.96027,5.6510544,7.212956,6.3047543,6.7153583,9.382149,4.513918,6.96027,6.655317,5.008727,6.8983226
TEST_05+6일,3.2785463,6.6124506,5.476395,1.3871906,0.7537697,2.291707,6.660926,2.4044986,2.0622215,0.93415004,1.1367315,0.9360398,1.052869,1.7570469,3.042942,1.6410892,9.149077,0.9569492,1.4129725,10.687222,5.9821672,1.4816794,0.8530284,1.7597407,6.2426014,6.1547284,6.571673,16.621868,6.0231986,3.3184245,3.3864298,2.4395876,1.8155462,1.5535895,1.7895461,1.9477869,20.760101,5.6559277,2.1317801,16.450617,10.399776,2.1471095,2.4852338,1.7232637,1.373244,1.9593242,0.8330056,2.3697674,1.4176899,3.1287255,15.393337,1.5041986,8.693779,1.2862303,1.840748,1.4342737,1.0803663,1.414151,1.4259676,1.1621826,11.064103,5.873919,4.348188,13.242779,3.8791008,2.566142,1.1336038,1.3895229,2.8184469,1.6527212,1.765136,2.5470395,0.8505419,1.1015513,2.9652286,1.6905513,1.0959151,1.1025777,1.3924416,3.917368,1.6813707,1.4868348,1.7977307,1.2991041,2.0952938,2.0892541,2.4295254,1.614146,2.7998476,3.4860678,3.7243707,1.6553129,2.8175147,5.3697643,0.96269083,2.4362302,0.70479906,0.85370713,3.5983858,5.675456,2.221741,1.0548747,1.6869409,0.7270016,7.536996,39.415718,22.16351,3.4795012,2.618765,1.8210506,3.538948,1.0087442,1.9738094,1.0249933,0.8388325,0.98873746,1.7442875,1.3444499,2.4835324,1.0801123,1.7289209,5.742611,0.68144464,0.75505465,0.7757427,0.64550424,0.7957975,0.65800524,0.75505465,1.4070885,0.6977382,0.70646477,9.522498,3.3353262,3.0567844,3.9221725,1.9312807,1.8390145,1.6192567,5.9889894,1.8964231,0.87693226,3.4079003,1.6892378,26.668995,28.511076,9.777292,5.385335,35.299244,17.395561,24.143751,5.3604407,2.5074272,67.08134,37.791576,36.524723,33.704697,11.569208,3.6761749,27.88381,20.214554,4.966335,23.275148,12.697146,27.940279,26.940525,9.139172,4.746179,110.15632,74.5065,21.407036,77.20824,14.765319,33.099983,25.247694,56.66714,19.203571,5.375988,29.329153,27.436008,10.427642,8.698514,8.77458,6.792975,9.084858,8.182368,8.548152,12.153135,5.5623426,8.040009,7.4923024,5.9312153,7.8998566
TEST_05+7일,3.98993,4.3403597,4.4910803,1.4129725,0.75634056,1.4336795,6.2603054,2.2772732,1.7773143,0.8921151,1.1123536,0.8691584,1.0790968,1.5127724,2.407825,1.4449947,6.17572,0.8700713,1.376723,5.8270893,5.3822174,1.5023651,0.8001871,1.7949998,5.0912557,3.463127,3.9571455,14.734557,7.147053,3.7614243,3.0488687,2.9666808,1.5723612,1.6320775,1.6540167,2.3533537,21.671162,5.675456,1.7476395,17.039759,11.5202055,1.4701945,2.4614904,1.7861431,1.0821446,2.6649992,1.1598084,2.0592325,1.576132,2.5976233,14.951155,1.3802071,6.002653,1.3330302,2.2581265,1.4461888,1.5461192,1.1714401,1.8155462,1.29686,10.946863,7.147053,6.4615684,11.6184025,5.9549465,1.4570373,1.1503379,1.5115459,3.3821483,1.0309346,2.37306,2.9705565,0.9407722,1.3341697,3.3099983,1.7216021,1.2689925,1.3582273,1.578649,3.1570458,1.9162906,1.4980922,1.7409396,1.2934979,2.1779933,2.3272576,2.8483953,1.7436175,2.6223006,3.5969388,2.486085,2.0742068,3.3226438,5.9008226,1.0299432,1.7090067,0.91769326,0.9388778,3.0816207,4.9141264,2.193549,1.0558783,1.7355914,0.70521533,25.505276,14.650271,23.37016,4.3534136,2.5954282,1.4968728,3.6602192,0.9588612,1.8348589,1.0448655,0.9116165,0.71879935,2.3337626,1.2962992,2.5941117,1.1906092,1.5374315,5.6429405,0.7418219,0.7857419,0.73164576,0.7068814,0.87922484,0.5851727,0.72026867,1.3582273,0.70147264,0.6673416,6.3101063,3.98993,4.765853,5.3201947,2.6649992,1.9854485,2.206048,7.210951,1.5685959,1.6514261,3.770733,1.7691896,28.11035,29.507383,8.515573,4.1508417,40.861855,22.208794,27.159664,4.7743053,2.5591838,75.396545,52.962063,46.25076,30.230846,12.590554,4.311753,31.986347,25.247694,5.873919,29.388447,13.580536,32.37518,36.819035,11.792105,4.0958066,155.75554,97.09511,28.800682,101.00278,18.92923,41.35531,33.976887,77.82163,22.57428,5.4953966,41.025696,35.942955,8.52022,7.943419,8.299685,6.299406,7.8047643,7.600802,7.336183,11.129075,5.1949253,8.013563,7.8047643,5.857157,7.873821
TEST_06+1일,1.8710778,2.5574465,5.0307717,1.0498639,0.66978574,0.9694107,2.442948,1.2261931,1.0943805,0.75334156,0.849187,0.6334963,0.6097425,0.85099375,1.140909,0.9116165,2.7665968,0.67795897,0.97422475,3.401448,1.8176091,0.9369853,0.7966746,0.925669,8.808046,3.0173602,2.206048,8.286072,6.9972806,4.0833807,1.9334285,2.4028366,1.8320918,1.0180838,1.1201034,1.7936354,23.37016,4.2962136,1.7209377,18.46757,9.1888,0.9994479,1.2175139,1.3262053,1.0200555,1.5361928,0.6271279,2.5349364,0.78356344,2.4128203,18.543764,0.94266844,6.050687,0.9050938,1.614146,0.99847186,1.1211388,1.6462526,1.1703801,0.7346077,9.329056,4.2396255,3.7059522,11.422772,2.5644014,1.2540851,0.74821234,0.6511382,2.8559191,1.2121067,1.5263051,2.4295254,0.65013075,0.7093836,2.204483,0.9780844,0.9388778,1.4378421,0.82318676,2.6223006,1.7875037,0.9761536,1.1000127,1.1534901,1.7637863,1.7422783,2.2820773,1.9277047,1.9391634,2.8559191,2.272476,1.5836904,2.9744358,6.161719,0.98001707,1.3318913,0.7270016,0.69939697,3.7059522,4.8795743,1.0558783,0.82229674,0.75334156,0.5987759,9.481475,5.1994643,18.165752,3.6014302,2.0622215,0.87830746,2.9686182,0.74054664,1.3639916,0.7516302,0.68740755,1.0508652,1.5723612,1.0659412,1.8404012,1.5349548,0.9916528,3.6375198,0.57168525,0.6247461,0.6207843,0.60346675,0.55641145,0.5571716,0.64149183,1.2164314,0.6527514,0.5855597,4.4696727,3.2681134,2.0428452,4.448348,2.6293824,1.5017543,1.6787535,7.283436,1.2370896,0.94266844,3.4035978,1.6397998,42.19069,8.962501,2.5958672,22.028181,36.74524,38.78913,33.033447,20.256031,3.7894053,106.526184,82.08979,70.767914,35.942955,17.979498,2.737285,35.37021,40.455036,3.2411065,30.109089,14.642632,50.59163,51.60918,18.716293,1.3467405,220.49292,158.53537,39.1796,90.972015,21.582775,47.84597,34.04527,113.90901,28.800682,7.067879,35.942955,45.791573,3.4620373,3.749814,3.5323043,2.8017035,3.6397848,3.7128506,3.6397848,5.1949253,3.4273136,3.6397848,4.9576015,3.2577057,4.0561504
TEST_06+2일,2.256536,2.7924333,3.7059522,1.1796728,0.6722335,1.0006686,2.5211549,1.1356884,1.1315212,0.8249681,0.8374862,0.6438981,0.60346675,0.9445665,1.2338151,0.9369853,3.4057484,0.82764333,0.9502718,4.765853,2.6320417,0.984857,0.7809527,1.2013317,6.678773,4.8224363,3.2276673,8.035596,7.131156,3.3950055,2.0622215,2.3796544,1.3137444,1.0220292,1.1863348,1.8086807,16.348665,3.7013588,1.9134442,15.265763,12.327689,1.3871906,1.3825326,1.6090453,0.6567913,1.6553129,0.60346675,2.156343,0.7731434,2.3045902,15.749349,0.89859337,6.0921206,0.9867963,1.7182819,0.8555183,1.0438673,1.1629746,1.634649,0.75334156,7.6555705,5.222209,4.765853,9.399907,2.1774116,1.2601466,0.76020396,1.0639247,2.394539,0.9407722,1.4271524,2.206048,0.7696836,0.7473589,3.1046045,0.96412885,0.78530604,1.2856722,0.6880256,2.3995152,1.4012191,0.9181615,1.2857769,0.8976666,1.464171,1.8404012,1.7076843,1.4247833,2.1104445,1.9631197,4.45259,1.4247833,2.2629027,4.254998,0.8600539,1.6657054,0.8573312,0.81165045,4.0635624,3.9029827,1.2294564,1.0964268,0.8343486,0.59021175,4.7489853,14.370067,19.401838,2.997792,1.6820254,0.78705037,2.8147197,0.6763211,1.4677833,0.76192373,0.79492086,1.0309346,1.5925364,1.311486,1.885131,1.634649,0.6911193,5.623507,0.6334963,0.6382889,0.6985674,0.5909884,0.56861854,0.5533745,0.58401215,1.7881844,0.6295131,0.5503436,3.8695805,3.1529882,2.1440375,3.4729443,2.5487719,1.3296152,1.3825326,4.8338194,1.3205329,1.1356884,2.8483953,1.8210506,34.320133,5.1617413,4.7714863,20.380943,35.583942,30.598986,24.79034,12.146715,2.924298,69.24247,61.597088,45.336845,32.702705,13.46707,2.3961968,26.13383,29.03441,3.4642167,24.941898,12.858604,36.37843,45.427437,12.327689,1.5263051,137.33627,91.151825,22.759174,52.125458,12.497967,32.180195,18.448568,63.206818,18.92923,4.5993824,23.996855,27.214718,4.4750166,4.4750166,4.5179577,3.538948,4.3901343,4.4750166,4.3901343,6.660926,4.265272,4.143302,5.8137684,3.7197592,4.3901343
TEST_06+3일,1.4390328,3.1753542,3.1327593,0.9780844,0.45463625,1.0508652,1.9305652,1.1118379,1.4438012,0.5713016,0.7576274,0.51073706,0.58788407,0.8528023,1.2656713,0.86733395,3.2225099,0.6081712,0.72447366,4.6432986,2.0682082,0.885659,0.6689706,1.5066452,8.097574,5.457449,4.3796167,13.298523,7.869489,3.5745475,2.1625137,1.8823148,1.1232113,0.9388778,1.2045586,1.2077904,14.0727825,3.5168395,1.2601466,11.968198,13.382549,0.8151923,1.3239347,1.2403691,0.67959833,1.6866128,0.55565166,1.8710778,0.70355093,1.7610886,12.095461,0.60581726,6.1477447,0.93793136,0.96173275,0.71775055,0.6367897,0.9838881,1.3663013,0.7060482,4.7209826,5.125743,4.3429675,6.958327,2.5211549,1.0851969,0.647112,0.7740094,1.8795015,0.6944255,1.2701007,1.5560844,0.6199931,0.5458082,2.618765,0.6673416,0.6063074,1.0217824,0.8187411,2.1810985,0.9502718,1.1435239,1.826566,0.6263336,1.3455949,1.7936354,1.2485886,1.2934979,1.6853013,2.33702,5.1377187,1.0760535,2.4648724,3.9656243,0.63509226,2.098318,0.66327584,0.6689706,2.3175242,3.029147,0.98873746,0.61131525,0.7358786,0.5450536,2.5470395,11.968198,15.393337,2.5941117,1.4750237,0.8349085,2.2981424,0.60346675,1.541151,0.72868896,0.67060125,0.74309814,1.1778111,0.72868896,1.2579405,1.2480397,0.5289184,5.042562,0.5140602,0.5341531,0.5678528,0.51813173,0.49350104,0.47898704,0.6677487,1.2689925,0.5300386,0.5026445,5.1858573,2.098318,1.5799084,2.8221776,1.924847,0.9945724,1.0339118,4.6764617,1.1714401,0.7422472,2.3995152,1.5287734,27.547304,10.377533,4.234511,11.993551,30.353079,24.992617,23.657427,11.495775,2.5074272,60.98876,47.182697,33.569393,29.927341,10.157472,2.1873176,21.893646,21.715485,3.5924518,20.887978,9.646534,29.866995,33.569393,10.5906105,1.633363,95.38585,66.419716,13.970098,35.512558,8.798473,23.705631,11.410646,44.797005,15.0762615,2.780877,16.11309,19.52173,4.618553,4.842371,4.888193,3.621696,4.7517934,4.934375,4.618553,6.8617697,4.3195395,4.1558743,6.9855742,3.8814836,4.7517934
TEST_06+4일,1.9825345,3.1086147,3.556713,1.2469423,0.57283676,1.4726079,1.6385112,1.3228002,1.9535499,0.80106634,0.8958143,0.6144655,0.59799546,0.9445665,1.2645652,1.002379,2.446312,0.70521533,0.8948888,3.3057914,1.5361928,0.8125353,0.63908905,1.3570759,10.819214,8.562149,6.17572,11.606086,6.331554,3.3565466,2.6901388,1.6218159,1.1778111,0.89952064,1.304724,1.9219921,13.049378,3.343802,1.3182678,12.2887,10.124832,1.2491376,1.5510969,1.0836703,0.572069,1.818297,0.5144299,1.1513882,0.7160739,1.5330987,11.37434,0.7002269,6.698424,0.69939697,1.1714401,0.6935984,0.48513818,1.0853242,0.9877666,0.7278451,6.168716,3.9632003,3.4773145,7.1789393,2.893759,1.2934979,0.8151923,1.1066883,2.4362302,0.8001871,1.4461888,1.634649,0.75848585,0.8045875,1.4545641,1.0639247,0.69483924,1.2191386,1.1025777,1.6269417,1.117,1.2191386,1.5337173,0.6344936,1.8598845,1.7037208,1.8515182,1.4082642,2.8109963,2.80356,7.389267,1.1273623,2.5941117,4.3013883,0.86824596,1.4414158,0.600338,0.8446779,2.9899914,3.49923,0.9001584,1.0299432,0.9497957,0.60268396,2.13484,18.697048,14.161359,3.2348986,1.6839905,0.6824712,2.5522392,0.77834576,1.6527212,0.99749625,0.76192373,1.0862153,1.2359977,1.1524389,1.5029762,1.1018078,0.61131525,6.7285547,0.647112,0.6422936,0.58788407,0.60424984,0.61131525,0.47430044,0.53677726,0.9092844,0.5995568,0.5659401,5.767349,2.3862617,1.8473442,2.8975632,2.080217,1.1128693,0.92285025,3.8222575,1.0707384,0.7909813,2.8446388,1.9549924,26.293283,13.354486,4.358644,10.938116,36.671593,23.180508,20.760101,9.228678,2.4194927,56.106724,46.99485,31.793633,28.338665,9.050447,2.1857617,23.275148,19.967398,4.311753,19.48169,9.461023,28.167261,35.512558,10.113973,1.801832,98.63988,67.48142,16.441034,41.980312,7.432389,21.407036,12.057151,44.70765,13.868112,3.7929144,18.165752,17.703505,5.1197634,5.7739606,5.4637585,4.4857206,5.072139,5.565548,5.4637585,7.6979375,5.413457,5.66894,7.6302495,4.7940755,5.8270893
TEST_06+5일,1.7329212,2.9406192,3.3608031,1.5862148,0.5571716,1.41533,2.272476,1.2061739,1.1195859,0.70771503,0.905559,0.56861854,0.6022927,0.9431428,1.2191386,0.93935126,2.8861613,0.72868896,0.9521773,4.4750166,2.1625137,0.82096255,0.61013556,1.3871906,8.779354,7.2915287,2.7045815,6.586476,4.459,2.4937532,3.088602,1.6853013,1.0846878,0.8872709,1.2104871,1.3848605,11.064103,3.348046,1.3307531,11.6184025,7.1949296,0.98291963,1.4277451,1.0478631,0.72194946,1.3148744,0.57283676,1.3273413,0.7002269,1.4659765,10.355333,0.68452626,4.219198,0.78356344,0.9360398,0.820518,0.7662306,1.0082539,1.078082,0.68452626,4.6515713,3.165173,3.3522942,5.5144544,2.8521552,0.8595998,0.6551742,1.0062937,1.5874778,0.7018881,1.464171,1.0448655,0.58323884,0.8591459,1.4901763,0.85234994,0.76795626,0.99847186,0.8718984,1.8598845,1.0969387,1.0363961,1.5041986,0.9493198,1.3148744,1.6501318,1.6839905,1.0943805,2.5835977,2.2422566,6.7891707,0.8764741,1.801832,3.2101572,0.71691203,1.2034825,0.6907065,0.72363186,3.547822,2.2052655,1.1619186,1.5337173,0.91301715,0.509631,2.8884153,15.946785,13.076845,2.071206,1.3988752,0.6718253,1.7014115,0.69153225,1.1263237,0.9531307,0.6927716,0.9790505,1.1540159,1.1693207,1.5189147,1.4235997,0.62316024,2.5108542,0.5948774,0.60385823,0.5987759,0.5412861,0.5147997,0.48477563,0.5567915,1.3126149,0.5898236,0.509631,4.2242975,1.8004642,1.8032002,2.7758038,1.6269417,1.3547753,1.2912593,3.893416,1.4414158,0.8911915,2.0480497,2.2343504,21.145985,13.723621,4.3796167,10.168373,25.661036,18.8128,17.075027,8.952776,2.4835324,45.791573,34.80634,23.657427,23.275148,7.1829343,1.2856722,19.401838,16.812185,3.0647154,16.553167,7.930328,23.275148,25.975307,8.386362,1.6663563,81.121765,59.908638,17.896275,44.131042,8.972235,19.642328,14.566438,38.75029,11.146855,3.334268,18.016603,15.7616205,5.3464804,5.9160023,5.5992956,4.8695345,5.3464804,5.5479393,5.6510544,7.8803225,5.1994643,4.823858,8.234075,4.513918,5.6510544
TEST_06+6일,1.8327833,4.356028,3.451157,2.1134834,0.70271933,1.2185969,2.8785787,1.5799084,0.95265394,0.84557885,1.1725007,0.68123937,0.65800524,1.228368,1.8224285,1.2153494,3.8624525,0.72489476,1.1211388,4.8853188,3.2142708,1.005804,0.78356344,1.3582273,8.52487,6.534792,2.751912,7.2229877,5.5783834,2.8521552,2.566142,2.045818,2.2517693,1.2431055,1.404739,1.4402239,20.131847,4.293628,1.5755031,18.053782,8.703251,1.311486,1.7895461,1.3813696,0.64791644,1.4497747,0.64912385,2.0652134,0.7118894,2.189653,15.979917,1.0995,5.344931,0.9598179,1.1079745,0.83390087,0.820518,1.1393415,1.2185969,0.63429403,8.124267,3.5879693,3.3864298,10.624617,7.9828076,1.0433683,0.5131364,1.7235961,2.0877461,0.79492086,1.6475451,1.4521682,0.5863341,0.7118894,2.0471778,1.2381823,0.89026827,0.9502718,0.7499204,2.4345527,1.3930258,1.3239347,1.6256592,1.0760535,1.5517199,2.1119635,1.7362595,1.1725007,1.989825,3.1086147,4.5993824,1.1629746,2.206048,5.3078623,0.53377867,1.2261931,0.67039734,0.6869956,3.0868556,2.9262147,1.3103576,1.0448655,1.4533659,0.6434968,4.868102,19.642328,15.170735,2.0839791,1.8452595,0.56326616,2.3705902,0.71502686,1.0418723,0.86824596,0.71356195,0.7657994,1.4106171,0.9780844,1.9796233,1.3341697,0.7341842,3.7301412,0.6251428,0.5886596,0.62197185,0.5522373,0.65477014,0.6081712,0.6263336,0.97567123,0.6689706,0.60464156,3.181475,2.576605,2.4598005,5.1617413,1.7759585,2.0592325,1.3709276,7.083652,2.1842065,1.0553764,3.9607775,2.050283,28.167261,18.8128,6.1829505,10.761644,32.636944,32.834614,25.19648,17.576084,4.1182494,69.105415,60.38635,53.173264,30.660763,10.422064,2.0495384,27.049881,23.417803,3.33321,24.689793,12.146715,36.74524,35.087173,12.912845,2.0162187,163.92136,112.34868,25.922672,74.06538,14.536064,32.245064,31.538431,71.61389,15.489675,5.4953966,30.537329,28.338665,6.4361086,7.0403504,6.7323294,5.5623426,6.672156,6.97778,6.854096,10.250473,6.040366,5.717964,9.163955,5.116776,6.4944305
TEST_06+7일,1.7409396,3.2910993,3.907773,1.734256,0.6022927,1.1118379,1.8207493,1.4165096,0.9931121,0.7018881,0.9955465,0.63908905,0.6326989,0.9916528,1.3651462,1.0349052,2.1325448,0.7068814,0.93556714,2.4606452,1.4993123,0.9776015,0.7253159,1.0463638,6.6385145,5.3666553,2.9744358,8.981977,5.9210696,2.5108542,2.0265455,2.1104445,2.2029188,1.0709913,1.3194001,1.3593789,22.208794,5.5719624,2.1717925,16.484734,8.952776,0.8728127,1.5824292,1.6295083,0.76536834,1.3616842,0.62871766,2.256536,0.55755186,3.9948053,18.091034,0.94172007,5.873919,0.801946,1.5635839,0.88197964,1.0111978,1.3663013,1.0007602,0.7456534,10.511648,3.735919,2.3386495,9.481475,3.0607479,1.0629172,0.7401217,1.3205329,2.615233,1.0964268,1.5078695,2.2756734,0.8321108,0.7541979,2.5591838,1.0614069,1.1477146,1.1388192,0.77011573,2.5522392,1.8452595,1.5906383,1.2601466,1.0639247,1.7182819,2.3697674,2.6081786,1.4224166,1.6644042,3.7059522,3.6602192,1.3228002,2.1555724,6.1337976,0.70854914,1.5324804,0.8169658,0.7567694,4.868102,4.260133,1.316005,0.8777057,1.91914,0.630309,16.416567,10.288992,16.213657,3.0607479,2.5522392,0.7142942,2.9550767,0.8976666,1.0456145,1.0538715,0.9867963,0.81342053,1.6314349,0.85234994,1.823807,1.0735208,0.7809527,3.0389957,0.5863341,0.57283676,0.5909884,0.54845226,0.54769635,0.5289184,0.6438981,1.1232113,0.5867215,0.59643567,4.0536823,3.173316,2.312668,4.512572,2.6011384,1.801832,1.7963649,6.62361,1.7329212,1.2557366,2.9666808,2.0922725,32.834614,11.842172,3.899393,10.888671,34.527695,41.85458,26.561125,24.3905,4.1735272,81.121765,64.85794,71.472206,29.806767,12.697146,2.6973531,29.626787,27.771204,3.6876054,25.713158,11.6184025,43.82358,37.26483,18.601105,1.7489815,194.84897,128.44826,35.087173,85.90745,20.256031,35.870872,46.99485,87.9684,17.252405,7.5882125,33.63698,38.09582,6.5901814,7.4015646,7.0797057,5.750847,6.709709,7.271311,6.8925395,10.9410305,6.01977,6.2426014,10.043649,5.594464,6.9544415
TEST_07+1일,1.4859242,2.7208972,1.9134442,0.8723555,0.62792253,0.88657993,2.1379027,1.3977042,1.0289522,0.58788407,0.8240772,0.60268396,0.739697,0.96460843,1.328478,0.93037605,1.9924722,0.81607884,0.9512243,2.1340747,2.025068,0.92285025,0.60346675,0.96460843,3.9753323,1.7289209,2.1795456,2.8705382,1.4396284,2.6435874,1.2912593,1.1778111,1.3387331,0.7211088,0.96844935,0.99847186,4.28072,1.4035652,1.1118379,4.19885,1.802516,1.1756854,1.1746234,0.6902938,0.6422936,1.002379,0.7010573,1.4509712,0.87830746,1.5988736,3.088602,0.91068333,1.801832,0.57322085,1.0072736,0.6527514,0.6673416,0.85461247,1.1714401,0.7320686,2.4061613,1.9020857,2.0147462,2.5245953,2.3013647,0.91441876,0.6787784,0.7456534,1.4224166,0.9955465,1.2403691,1.1461421,0.8976666,0.65033215,1.3825326,1.199183,0.78879637,0.7809527,0.67509377,1.5361928,0.70355093,0.610922,0.79842997,0.5974104,0.86824596,1.0428696,1.2034825,1.148239,1.541151,1.2502362,1.5874778,1.3205329,1.3965337,2.6329284,0.6969094,1.0141461,0.8392815,0.70271933,2.1226184,1.950667,0.98195165,0.7740094,0.80811554,0.59021175,5.8071175,3.3173704,3.1773934,1.9449096,1.0498639,0.6382889,1.6090453,0.6406905,0.93037605,0.9867963,0.71775055,0.7227904,0.9162892,0.85009015,1.6800618,0.81165045,0.7966746,3.029147,0.623953,0.5995568,0.62871766,0.6382889,0.5925429,0.55869305,0.6144655,0.70771503,0.6567913,0.6144655,1.9658338,1.5238392,0.78792316,1.5139997,1.0240048,1.3455949,1.2121067,2.1501842,1.5287734,0.72363186,1.4000468,0.79842997,1.3002269,1.1273623,3.8019917,3.348046,1.9971333,1.5542129,1.576132,1.0913148,0.6550479,1.8155462,1.373244,1.3924416,2.1271958,1.7610886,2.2343504,1.4271524,1.5201449,0.4750205,1.3616842,1.0553764,1.3182678,1.1211388,1.2048278,1.2261931,1.2834412,1.4473835,1.2792639,1.5072572,1.0548747,1.2812123,1.8303638,1.5736175,1.0230168,1.7382642,1.3210995,1.3290465,3.12671,3.0311148,3.0311148,2.3288827,3.0627313,3.2245722,3.0627313,5.004328,2.7574122,2.699159,3.8246126,2.2644963,3.1590762
TEST_07+2일,1.6722215,2.6836128,0.9916528,0.96556795,0.5956564,0.9299049,1.8529109,1.3002269,1.1682616,0.6828821,0.8410785,0.67386734,0.7456534,1.0902939,1.5263051,0.9445665,2.7309034,0.7152362,0.98582643,2.8184469,1.8721293,1.078082,0.6689706,1.1555941,3.2848182,1.5361928,2.1032386,6.579071,1.3458812,1.2121067,1.3216662,0.97133493,0.6450022,0.63509226,1.0862153,0.68041867,2.4780087,1.1233408,0.8496385,2.3882775,1.8205342,0.8001871,1.3092299,0.7413967,0.68123937,0.6985674,0.6869956,1.1587541,0.8089986,0.80651605,1.9277047,0.7102184,1.4012191,0.8098821,1.1545419,0.7253159,0.8374862,0.6878196,1.1005254,0.7223699,1.3310375,2.3664784,2.0059268,1.6385112,2.5522392,0.9607751,0.630309,0.8718984,0.93409103,0.62118006,0.71984875,0.6460568,0.6334963,0.685349,1.1351671,1.0062937,0.62355655,0.63708943,0.6989821,1.1005254,0.58788407,0.6935984,0.9455162,0.7227904,0.6247461,0.9227329,0.6882317,0.70547557,0.94266844,0.86733395,4.3273373,0.67243767,0.62553966,0.6176218,0.8392815,1.002379,1.0984751,0.7227904,1.7449577,0.9863113,0.7152362,0.739697,0.60581726,0.5972154,4.555807,6.1198783,3.4685783,0.5855597,0.8930392,0.8249681,1.0309346,0.7093836,0.40936556,1.0649327,0.6763211,0.52202845,0.8089986,0.63509226,0.79842997,0.60738623,0.647112,2.0809689,0.6136773,0.59409887,0.64149183,0.6176218,0.6422936,0.55110073,0.5755271,1.0368934,0.62792253,0.60424984,3.7059522,1.038137,0.60934955,1.4581623,0.9209734,1.0458642,0.9398248,1.3177019,1.1294408,0.7740094,1.3802071,0.7898885,1.3825326,1.9334285,6.664667,5.344931,1.9607695,1.6475451,1.2557366,1.1315212,0.9365864,1.6657054,1.7570469,1.6237369,1.4354626,1.1377751,1.7892057,1.6501318,1.3273413,0.61920226,1.1640309,0.9809841,1.0518668,1.5189147,1.1794068,1.4106171,1.2067126,1.3790451,1.2828838,1.5176849,0.8388325,1.214268,1.7717259,1.5448763,0.9935987,1.0225229,0.99262553,1.0964268,4.143302,3.7567768,3.9462652,2.8521552,3.68303,4.0241575,3.6465862,6.36744,3.538948,3.100598,4.6488123,2.719081,3.3992994
TEST_07+3일,1.5066452,2.8072762,1.1278816,0.70771503,0.5397817,0.89026827,1.4235997,1.2745389,0.7809527,0.5085257,0.7490662,0.5855597,0.6869956,1.0033569,1.5029762,0.87830746,3.3226438,0.56861854,0.7068814,3.4079003,1.9020857,1.0488633,0.5225859,1.0689697,2.24384,3.1146376,2.8054178,5.076588,0.8971454,1.2013317,0.6616523,0.88106096,0.6215759,0.60424984,1.0831616,0.6081712,1.6944954,1.156647,0.9483682,1.8710778,1.2068558,0.71439886,1.3194001,0.79141855,0.60660154,0.74309814,0.64149183,0.6511382,0.78530604,0.7774776,1.4968728,0.6952531,0.8700713,0.5617403,1.2957387,0.7774776,0.8446779,0.6207843,0.9153538,0.69608104,0.8169658,1.7235961,1.3103576,1.316005,1.7063625,0.64630795,0.48913196,0.56555784,1.1315212,0.5330299,0.5433571,0.7102184,0.6977382,0.58943546,0.80993736,0.78792316,0.49898043,0.59176546,0.63908905,0.89952064,0.48513818,0.46711928,0.7152362,0.5522373,0.31243095,0.72258013,0.5594543,0.6771398,0.73164576,0.53677726,2.4211626,0.7940447,0.78269273,1.0220292,0.5229577,0.8437774,0.6295131,0.6608412,1.0483632,0.9636494,0.5375278,0.55489224,0.79229355,0.52332956,3.0925968,3.9438508,1.1948919,0.9569492,0.8334532,0.87830746,0.6800085,0.59409887,0.37890413,0.90137655,0.61604285,0.62553966,0.7931689,0.71439886,1.0339118,0.6105287,0.75248563,2.394539,0.53903,0.49423045,0.5345277,0.52481794,0.53903,0.48767844,0.4844132,1.0448655,0.5099996,0.5397817,2.8315206,0.56861854,0.1725486,0.8343486,0.8528023,0.9050938,0.75334156,0.89859337,0.81165045,0.5022777,0.8365892,0.6311052,0.62316024,0.73064196,2.8147197,3.9948053,1.0508652,1.0279619,0.6271279,0.7413967,0.60225,0.8609624,1.0043353,0.79930836,1.0498639,0.62871766,2.1982305,0.96844935,0.5871089,0.4858635,0.67060125,0.6511382,0.5909884,0.8921151,0.57168525,1.5127724,0.33387193,0.49971253,0.6406905,0.5770664,0.536027,0.62553966,0.9388778,0.61210227,0.61841184,0.8555183,0.491679,0.5625031,4.1558743,3.958356,4.1963124,2.8615716,3.958356,4.2370677,3.694477,6.385449,3.5857296,3.0786324,5.267949,2.8615716,3.621696
TEST_07+4일,1.4822854,3.1534953,0.9493198,0.78127885,0.53903,1.1097765,2.2454243,1.4629681,0.8528023,0.67795897,0.8555183,0.6398896,0.76364523,1.0458642,1.4822854,0.9445665,3.4208329,0.68864393,1.0378882,4.5775523,2.1271958,1.0418723,0.6386889,1.1842008,3.2039945,4.306568,3.4918215,5.545142,0.8107661,0.66490096,0.6334963,0.802386,0.63908905,0.58396375,1.148239,0.43173462,1.9738094,1.4426081,1.2957387,2.2154546,1.0200555,0.8609624,1.5017543,0.7632147,0.6081712,1.1810036,0.6820605,0.65033215,0.89859337,0.7401217,1.4176899,0.6952531,1.0760535,0.6050334,1.0200555,0.82764333,0.64550424,0.7152362,1.0811282,0.7662306,0.9965212,1.3979969,1.3058497,1.6892378,1.642379,0.6722335,0.38193727,0.66408825,1.1927495,0.45641303,0.637789,0.76106364,0.7809527,0.7093836,1.2823265,0.9674884,0.6132834,0.7809527,0.76536834,1.0498639,0.60346675,0.58323884,0.81342053,0.5122131,0.42580467,0.91068333,0.48658922,0.78879637,1.2056354,0.93249804,3.580135,0.7119939,0.785524,1.0538715,0.72868896,0.9369853,0.78792316,0.7253159,1.578649,0.7110537,0.51572454,0.46032953,0.99505943,0.5621216,1.9578795,2.5557098,1.016114,0.8446779,1.2316347,0.63968945,1.1445708,0.78530604,0.59838563,0.8451283,0.70771503,0.4938657,0.7367264,0.64791644,1.1390803,0.40404236,0.52072847,4.6515713,0.57475793,0.57245284,0.57015115,0.685349,0.6144655,0.49350104,0.5956564,1.2185969,0.60424984,0.58943546,4.2370677,0.9162892,0.76536834,1.168791,0.85461247,1.0210421,0.9134842,1.4819825,0.74927974,0.6787784,1.376723,0.7164929,0.7774776,0.43786475,5.1497183,6.3387175,1.576132,0.95790493,1.078082,1.1211388,0.6894686,1.311486,1.4283378,1.0498639,1.823807,0.7211088,2.556578,1.0699803,0.73291457,0.6487213,1.0862153,0.90137655,0.984857,1.1242483,0.9097506,1.6631036,0.6247461,0.8374862,0.9994479,0.8249681,0.44861147,0.84648025,1.0538715,0.85823834,0.6746849,0.83121645,0.67795897,0.88106096,4.5721083,4.7940755,4.659856,3.5124307,4.4430304,4.931478,4.4430304,7.29963,4.3169427,4.03398,5.7212453,3.4773145,4.4430304
TEST_07+5일,1.5287734,3.2890046,1.7103298,0.84738207,0.59994733,0.975189,2.2185962,1.4563626,0.7866141,0.6295131,0.8723555,0.6366898,0.73122305,1.1175169,1.544255,0.9776015,3.4251523,0.6596252,0.8705279,4.448348,2.5870988,1.0841789,0.6410911,1.2261931,6.17572,5.681978,2.44006,9.4100685,0.85009015,0.68370396,0.7443753,0.9209734,0.6271279,0.7499204,1.0604005,0.5638388,2.37306,1.8738829,1.2934979,2.8112288,1.1185511,0.7705479,1.399461,0.8518978,0.68041867,1.3639916,0.58478576,0.81918514,0.85823834,0.95062894,2.7091064,0.7705479,1.0639247,0.60660154,1.4366521,0.79842997,0.9313189,0.7499204,0.890499,0.8107661,1.2513351,1.2077904,0.9388778,2.576605,0.82318676,0.7997477,0.44243553,0.6576005,1.0294477,0.4994837,0.70469505,0.7135097,0.6199931,0.59215415,1.1268429,0.78138757,0.5995568,0.7422472,0.72026867,1.0722556,0.71775055,0.68864393,0.84557885,0.85823834,0.47322103,0.8636904,0.56097794,0.75977427,1.0136544,0.81607884,4.05862,0.60385823,0.88312864,1.467181,0.66408825,1.0339118,0.984857,0.70729816,2.7082012,1.1077172,0.69939697,0.64269453,0.91652316,0.511844,1.7530112,4.1887064,0.5458082,1.0185765,1.1906092,0.9945724,0.8898068,0.7439495,0.6051313,0.9945724,0.7559118,0.6890562,0.88657993,0.8737273,1.043119,0.63230026,0.74054664,2.9929147,0.57168525,0.5705345,0.57283676,0.47943848,0.5621216,0.5371524,0.48767844,1.4701945,0.5461856,0.5647936,4.128256,1.1155791,0.8477204,1.2392755,1.0659412,0.8377105,0.973261,1.9680068,0.81863004,0.85869205,1.5327895,1.2912593,0.6944255,0.70459104,3.3900456,6.2958426,1.1503379,0.88611937,1.1336038,1.0649327,0.6422936,1.3616842,1.2845564,1.0339118,2.37306,0.8700713,1.9774417,1.0259824,0.8089986,0.7774776,1.1735618,0.8249681,0.8921151,1.176748,0.7160739,1.5642099,0.61920226,0.8911915,1.1294408,0.924729,0.84738207,0.8967402,1.1868687,0.8801427,0.7844345,1.1232113,0.975189,0.9181615,4.4710083,4.4284325,4.386188,3.6070507,4.1798463,4.557164,4.302683,6.96027,3.8281476,3.4305573,5.8621817,3.002675,3.9814095
TEST_07+6일,1.7429478,4.1370277,3.0173602,1.5189147,0.6511382,0.9955465,3.2722833,1.8668752,1.0363961,0.75848585,1.1139013,0.6989821,0.8067917,1.3953638,2.1857617,1.1981094,4.7771254,0.820518,1.0649327,5.701583,3.2101572,1.1836677,0.7274233,1.2338151,7.005094,4.8910694,3.4893548,9.389755,1.4629681,1.341304,0.9313189,1.4078968,1.0811282,0.9483682,1.2856722,0.7705479,5.9008226,2.636478,1.1831346,5.1497183,1.7050414,0.90300196,1.7678378,0.9455162,0.6571959,1.2689925,0.710636,1.2934979,0.90416384,1.5041986,4.1483274,0.88106096,1.9255612,0.6535586,1.5213757,0.84783316,0.83255816,0.924729,1.2175139,0.83950603,2.7118242,2.164831,2.0532632,3.3864298,1.5139997,0.94789255,0.7102184,0.88750136,1.493218,0.4938657,0.8746425,0.876016,0.70771503,0.7118894,1.3836963,1.1863348,0.73291457,0.97422475,0.75013405,1.2867885,0.7358786,0.6015105,0.94172007,0.8196293,0.87968373,1.2667779,0.81863004,0.8568778,1.3825326,0.9638891,3.98993,1.0319265,1.1874027,2.1379027,0.66612077,1.1273623,0.9438545,0.73333764,2.4971666,1.7143029,0.97422475,0.98291963,1.3021846,0.64751416,3.203209,3.5102277,1.1503379,1.5320361,1.5824292,1.0082539,1.7718952,0.79229355,1.0043353,1.156647,0.75505465,0.6746849,1.2229344,0.81165045,1.2979817,0.9219116,0.9436172,3.451157,0.6311052,0.6215759,0.6263336,0.6616523,0.680829,0.60581726,0.59293175,1.0240048,0.62593657,0.630707,3.1439996,1.4968728,1.3364503,1.7658112,1.2491376,0.924494,1.1672032,2.5040038,1.3398753,0.8249681,2.196669,1.3364503,1.3171362,1.3351672,11.01707,7.2350416,2.0892541,1.7196095,1.7664866,1.8837225,0.7512026,2.3582695,2.1904318,2.0862389,3.5969388,1.2961416,3.0746512,1.8612813,1.199183,0.87018543,1.7922716,1.4262638,1.4798625,1.7355914,1.1555941,2.0162187,1.4247833,1.4581623,1.5623324,1.576132,1.2153494,1.2634598,2.3533537,1.4774419,0.99847186,1.9077593,1.4715517,1.5673419,5.7706537,5.5623426,5.4606028,4.1912403,5.5112743,5.9312153,5.3109436,9.006377,4.613069,4.398036,6.854096,3.5812535,4.882446
TEST_07+7일,1.7182819,2.9570084,2.4061613,1.4366521,0.5743735,0.98001707,2.1686964,1.6436696,1.2121067,0.70521533,0.9838881,0.65315497,0.8240772,1.1367315,1.6436696,1.0309346,3.4860678,0.8755581,0.9407722,3.953516,2.3870885,1.0984751,0.7068814,1.1948919,2.7813387,4.3169427,3.7695684,5.4700737,2.7553487,1.396095,1.1831346,1.5287734,1.420052,0.8178532,1.2349061,0.9916528,5.2710104,1.9869066,1.0087442,4.6653857,3.2289577,1.1211388,1.6853013,0.8094403,0.71691203,1.0014014,0.65800524,1.9796233,0.96844935,2.0832262,3.1277175,0.8089986,2.212316,0.708132,1.3965337,0.9097506,0.88197964,0.7903255,1.1450945,0.93793136,3.4904509,2.893759,2.4194927,2.751912,2.463181,0.95790493,0.61131525,0.8573312,1.3924416,0.74309814,0.73810494,0.9940855,0.6592201,0.6523479,1.1992501,1.057887,0.5605969,0.8143062,0.79492086,1.4402239,0.6911193,0.7354548,0.8972033,0.7559118,0.8442276,1.437247,1.0463638,1.1005254,1.1092615,1.0699803,4.36912,1.0943805,1.7315872,3.4468124,0.68370396,1.1916791,1.0923362,0.81165045,3.1937435,2.5941117,1.2645652,0.79141855,2.1471095,0.56517565,9.709099,3.0095215,2.984151,2.7924333,1.6997632,0.9060243,1.7773143,0.68041867,1.2756498,0.98582643,0.78138757,0.8392815,0.7580566,0.9134842,1.2923783,0.88750136,0.9284919,2.0280237,0.62118006,0.6019016,0.63150346,0.5529953,0.61841184,0.5625031,0.58169353,0.89812994,0.5621216,0.58478576,2.3862617,3.1367972,1.0227698,2.1317801,1.4106171,1.2667779,1.3364503,2.7592473,1.3686132,0.8178532,2.0922725,1.2823265,1.7076843,1.1568608,4.1032767,6.4871154,2.7118242,3.208102,1.7909086,2.221741,0.86647934,2.311051,3.2060478,3.0409684,2.426178,1.8442178,3.072662,2.3697674,1.8293275,0.7043829,1.7235961,1.7746034,1.614146,2.615233,1.7936354,1.7922716,2.4971666,2.6937442,2.5211549,2.4496794,1.2207646,1.9622155,2.7813387,2.5453079,1.311486,1.5461192,1.8376287,2.050283,5.3915734,5.4417033,5.3915734,4.176054,5.0988817,5.646185,5.05142,9.134221,4.640544,4.509881,7.143076,3.8624525,5.004328
TEST_08+1일,2.0088637,2.3120615,4.3325424,2.531486,0.7714127,1.117,3.6967697,1.4259676,1.3228002,0.9588612,1.4750237,0.746506,0.80723286,1.1450945,1.770542,0.9994479,6.3172483,0.9190984,0.8746425,7.3810782,4.395401,1.2645652,0.7541979,0.8838184,4.737768,3.6171846,2.4505215,9.288787,7.2511415,1.7698658,1.8879498,1.8376287,1.2272803,0.98873746,0.828536,2.1779933,13.955485,1.2110268,1.7854629,10.624617,7.455065,0.6816499,2.6400309,0.78879637,0.68452626,1.3918576,0.6730502,1.8598845,0.8249681,1.1346459,4.5612354,0.71439886,3.2931952,0.6152539,2.1904318,0.8303225,0.7152362,1.0319265,0.7757427,0.72868896,3.3353262,5.9685435,9.584334,4.9256887,7.791876,0.8879622,0.9050938,1.3069758,2.4228337,0.6746849,1.2436533,1.5461192,0.98582643,0.93415004,3.0095215,1.1608633,0.60424984,1.7182819,0.93509465,1.8473442,0.8303225,0.8218519,1.2251062,1.5811684,1.0339118,1.1635027,2.0413597,1.4944355,2.8521552,3.2514734,1.5925364,1.2934979,1.460564,2.3862617,0.65033215,1.1471903,0.76278424,0.93509465,7.005094,3.2225099,1.1263237,0.9360398,2.1104445,0.60581726,21.276129,7.542208,11.087688,1.91914,1.5585818,0.8518978,1.085706,0.71272546,0.95408463,0.7227904,0.82318676,0.7227904,0.9060243,1.0568824,1.7557011,1.1534901,0.70771503,3.2101572,0.69939697,0.6382889,0.5972154,0.55261624,0.59643567,0.55489224,0.74054664,0.95647144,0.6551742,0.7194289,1.5486069,1.1503379,0.81918514,2.1471095,1.0558783,0.9897088,0.7439495,2.6011384,1.0801123,0.6935984,1.3559253,0.7844345,1.9219921,1.2789857,6.6385145,9.790457,4.5341473,1.3697702,2.0221152,1.9723576,0.7018881,5.546341,1.9377286,1.4259676,8.249868,1.750324,6.8425994,2.0073948,3.8458612,0.8143062,3.1937435,1.9277047,2.3272576,1.2701007,1.0954034,2.6293824,2.0592325,2.1195705,1.3375914,1.7664866,0.83569264,2.3013647,3.3353262,4.0883474,0.98195165,1.2338151,1.0279619,1.5498517,29.567026,10.877067,31.03397,5.2832704,15.297564,18.278381,11.569208,140.61682,28.11035,48.13302,42.956615,10.6701145,32.636944
TEST_08+2일,1.9912852,4.291044,2.8861613,1.5139997,0.7102184,1.0954034,3.3565466,1.3455949,1.188471,0.984857,1.1346459,0.7662306,0.76795626,1.2077904,1.9767148,1.0141461,5.8204255,0.7499204,1.052869,5.407197,3.8838677,1.2414633,0.7740094,0.93320584,4.2639866,6.505417,2.3386495,8.769809,4.7209826,2.0892541,1.91914,1.5324804,0.9369853,0.9521773,0.8801427,2.0772104,7.2069426,1.1810036,1.4438012,6.2532187,5.5527368,0.8627806,1.8795015,0.80106634,0.7844345,1.3387331,0.60268396,1.7476395,0.9569492,0.9999361,4.4165177,0.7303779,3.9317956,0.7118894,1.5361928,0.9636494,0.8718984,0.86733395,0.8258594,0.71272546,2.2406738,4.374366,5.8071175,4.2141037,5.8071175,0.9935987,0.8446779,0.92755044,1.7963649,0.60660154,1.0329189,1.4366521,1.0151298,0.7714127,2.32401,1.1471903,0.65073514,1.41533,1.3524768,2.0000615,0.8098821,1.2734286,1.2756498,1.2469423,0.88060176,1.2623549,1.2856722,1.9020857,2.7045815,1.865738,3.100598,0.7473589,1.2327247,2.1317801,0.75505465,0.8424275,0.7662306,0.75505465,5.407197,2.206048,0.55489224,0.8330056,1.6014128,0.6215759,11.182494,16.314816,4.9256887,1.3126149,0.8151923,0.59468275,1.0082539,0.60385823,0.81297785,0.5780293,0.7499204,0.68864393,0.79229355,0.8600539,1.2623549,0.5605969,0.67959833,2.9512162,0.80546886,0.61683214,0.6097425,0.7346077,0.6902938,0.5518583,0.6152539,1.1778111,0.6172269,0.6763211,1.6657054,0.9195669,0.6499293,1.4250793,0.9190984,0.90323424,0.64121634,1.2892847,1.1927495,0.61210227,1.1329854,0.7164929,1.6269417,1.4774419,4.632287,11.176547,3.836406,1.5862148,1.7583935,2.0832262,0.8125353,4.868102,2.2185962,1.8073096,6.389056,1.4944355,6.067921,2.206048,2.7813387,0.8636904,2.098318,1.2834412,1.4980922,1.5066452,1.2164314,1.917715,1.1693207,1.3433053,1.4485788,1.3137444,0.8187411,1.287626,2.5591838,1.8522145,1.1524389,1.7881844,1.0240048,1.2251062,15.329426,7.210951,15.619004,4.737768,11.5446825,12.19817,7.513061,55.773094,18.016603,17.979498,25.145363,8.267953,18.429585
TEST_08+3일,1.6167002,4.219198,2.2756734,1.0033569,0.4320842,1.0418723,4.2608953,1.3605313,1.3182678,0.82318676,0.9050938,0.644701,0.7253159,1.1661453,2.0191655,0.9607751,9.793092,0.53265566,0.9116165,10.355333,4.509881,0.8976666,0.5972154,1.0448655,6.3962755,4.348188,2.8596864,19.804228,4.0290666,1.2196805,1.4726079,1.1382971,0.9965212,0.84648025,0.9838881,1.1629746,7.340255,1.2218492,1.0279619,6.232,6.0231986,0.4553467,1.8459542,0.7274233,0.5270532,0.98873746,0.5345277,2.2820773,0.8709847,1.0249933,4.209014,0.5375278,2.3435438,0.54279196,1.104632,0.78879637,0.8330056,0.5987759,0.8518978,0.68123937,1.8210506,2.6649992,4.4803658,4.1182494,3.5611653,0.8428773,0.54807425,1.1377751,1.9449096,0.55641145,1.0388834,1.0180838,0.9407722,0.7110537,1.9825345,1.0923362,0.6176218,1.3825326,1.2623549,1.4129725,0.76536834,1.2207646,1.0121801,1.1087466,0.83479655,0.9921391,1.5660887,1.1128693,1.6108375,1.9825345,2.0682082,0.71272546,1.057887,1.7746034,0.58788407,0.9060243,0.73122305,0.76020396,5.444849,1.6631036,0.42510864,0.67386734,1.0538715,0.55110073,2.6865368,16.621868,2.463181,1.078082,1.228368,0.5409099,1.1273623,0.6869956,0.78792316,0.59760535,0.75334156,0.6527514,0.78967,0.7261585,1.1735618,0.51942956,0.6334963,5.482723,0.6689706,0.5813074,0.6144655,0.5048472,0.64550424,0.49605557,0.7757427,1.1778111,0.6097425,0.6511382,4.2306786,0.86187124,0.63190186,1.3582273,0.6981527,0.7541979,0.6783686,1.2812123,0.82229674,0.42441297,1.1555941,0.76192373,1.5337173,1.4834977,13.375528,11.770262,3.4468124,1.5423923,1.3842783,2.2772732,0.7102184,3.140839,2.3549914,1.8696762,6.17572,1.3802071,7.5882125,2.4479952,1.885131,0.78792316,1.4895685,1.1356884,1.4509712,1.4738156,1.2305453,1.6527212,0.7435237,0.96652794,1.4070885,1.1725007,0.7227904,0.9909236,1.6052263,1.0488633,0.72363186,1.1735618,0.9190984,0.82942903,15.4574995,7.2915287,14.014019,4.4271073,10.761644,12.223972,7.488157,62.582848,17.46756,24.340956,33.569393,11.643072,21.671162
TEST_08+4일,1.5560844,7.052137,1.9528289,0.87922484,0.5594543,1.3228002,4.098295,1.541151,1.2756498,0.9588612,1.3007886,0.6563869,0.790107,1.1650878,1.9709066,0.98291963,11.362262,0.68349844,1.1820688,11.655424,4.3307524,0.8214072,0.6665276,1.1149336,6.660926,7.455065,3.3693287,17.12806,4.512572,1.5874778,1.4366521,1.4006329,0.9069552,0.8555183,0.9945724,1.1263237,8.017965,1.3296152,0.7940447,6.016343,5.546341,0.528172,2.080217,0.9060243,0.73884773,1.1852676,0.5987759,1.9334285,0.9965212,0.951939,5.0543756,0.801946,2.5604331,0.7567694,1.2979817,0.7490662,0.8169658,0.6890562,0.9569492,0.820518,2.0892541,2.4835324,5.2040067,4.501816,3.4598591,1.2867885,0.6543662,1.2579405,2.6507108,0.6128896,1.2756498,1.0004244,0.975189,0.85461247,2.1656036,1.2734286,0.6730502,1.2480397,1.2667779,1.4895685,0.8564245,1.0619102,1.1077172,1.0398793,0.85778475,1.2640125,1.7800279,1.1278816,2.2280395,2.426178,3.424612,0.76278424,1.2491376,2.2248888,0.7818225,1.058892,0.7541979,0.68452626,7.067879,1.900669,0.96556795,1.0319265,1.0709913,0.57015115,2.737285,17.28809,2.9281323,1.0887635,0.9455162,0.5886596,1.0598975,0.7346077,0.7320686,0.6410911,0.85823834,0.49788293,0.801946,0.7118894,1.2979817,0.7278451,0.64912385,5.9033504,0.78530604,0.62792253,0.6207843,0.644701,0.6422936,0.49569038,0.7270016,1.1788747,0.644701,0.6430956,12.912845,1.1118379,0.8365892,1.697128,1.0200555,0.98873746,0.9181615,1.6320775,0.9531307,0.491679,0.9512243,0.62792253,2.098318,1.5711055,24.639668,19.952045,3.6149306,1.5912709,2.0206401,2.446312,0.801946,3.912568,2.473342,1.9593242,6.865609,1.41533,8.07096,2.755578,1.7249264,0.7512026,1.9912852,1.2013317,2.0176916,1.7050414,1.3364503,2.4767354,1.0568824,1.2612505,1.6735266,1.5349548,0.78269273,1.5535895,2.2375107,1.2480397,0.9650881,1.3024744,1.0609035,1.1735618,15.297564,8.267953,15.425387,4.5341473,12.564036,12.590554,6.8425994,51.09792,17.039759,20.717644,34.527695,10.556704,20.717644
TEST_08+5일,1.7476395,7.5380383,2.5349364,1.7422783,0.59643567,1.0790968,5.83376,1.437247,1.3052868,0.83121645,1.3058497,0.81342053,0.72995555,1.2148087,1.9629389,0.98534167,15.619004,0.9050938,0.90881836,17.359667,7.638682,1.0629172,0.6608412,1.0649327,6.8848357,4.831683,3.100598,17.503664,4.5341473,1.8100524,1.697128,2.2185962,0.84648025,0.8755581,0.8518978,2.0265455,9.461023,1.3103576,0.84557885,7.27535,5.9008226,0.47468293,2.098318,1.1211388,0.6132834,1.1066883,0.56632245,1.2267365,0.78269273,1.3296152,5.3078623,0.67816377,2.755578,0.6787784,1.5189147,0.7567694,0.8496385,0.7110537,0.83479655,0.7346077,1.7222667,2.221741,4.98384,5.520819,2.9435065,1.2513351,0.6608412,1.4847107,2.2154546,0.57283676,1.2623549,1.3593789,0.78792316,0.8125353,2.33702,1.2856722,0.6374892,1.2867885,1.0887635,1.4689885,0.8388325,0.685349,1.3387331,1.1419545,1.0841789,1.3605313,1.516456,1.2734286,2.5976233,2.285284,3.836406,0.8392815,1.4106171,2.098318,0.623953,1.1056598,0.746506,0.7006421,5.3946953,1.9348612,0.6539624,0.8573312,1.3307531,0.52929175,4.4377174,15.619004,2.3829565,1.4822854,1.0493636,0.7118894,0.97422475,0.8828988,1.0180838,0.7792143,0.6783686,0.7809527,0.7569839,0.8655113,1.3387331,0.59176546,0.65073514,6.579071,0.6911193,0.73122305,0.67795897,0.6894686,0.7905441,0.4938657,0.68411505,1.3058497,0.685349,0.55755186,23.133327,0.95790493,1.0319265,1.2207646,0.9588612,0.88106096,1.0299432,1.2957387,0.8828988,0.44472635,1.455763,0.82764333,2.3435438,1.4659765,36.819035,12.295191,3.6420507,1.6559613,1.6115944,2.2796745,0.7435237,3.2390363,2.2668881,1.6147844,6.189749,1.2823265,12.353745,2.5461736,2.1379027,0.8006267,1.5623324,1.1778111,1.6631036,1.5742459,1.1216568,2.566142,1.3216662,1.311486,1.437247,1.3256373,0.708132,1.6077716,1.823807,1.2789857,1.0468634,1.3041614,1.0679598,1.1087466,14.280271,9.793092,13.637603,5.8873577,12.275729,14.400115,7.605003,44.70765,21.016603,18.581972,35.942955,10.807678,17.868616
TEST_08+6일,3.2681134,10.049042,3.5212526,3.3864298,0.9060243,2.0088637,5.3140254,1.8668752,2.3272576,1.0220292,2.1951087,0.9004484,0.83569264,1.5201449,2.7831855,1.2723187,9.814192,1.058892,1.4059136,13.049378,6.3279753,1.5836904,0.82764333,1.19972,6.006073,8.017965,6.505417,22.52828,7.243088,2.7445915,1.9971333,4.2704163,1.5139997,1.0674549,1.1778111,1.9334285,23.802328,1.6859571,2.0428452,20.632975,8.73172,0.84648025,3.5924518,0.98291963,0.7589152,1.8543042,0.7270016,1.7396016,1.0624136,2.0532632,8.195828,0.7439495,3.9753323,0.9313189,2.0443313,1.1513882,1.1066883,1.156647,0.87853676,1.0014014,4.0388985,3.7266781,5.2955546,7.147053,4.8623743,1.4426081,0.87739056,1.5938027,2.9319701,0.70771503,2.1471095,1.6192567,1.1555941,0.8755581,2.825912,1.4449947,0.79842997,1.8879498,1.2064433,2.6793437,1.1087466,0.95790493,1.2491376,1.8320918,1.1619186,2.6293824,1.9234192,1.4774419,2.8672323,3.0647154,4.4763536,1.4750237,3.2101572,4.098295,0.9097506,1.812798,0.93320584,0.9023052,10.534153,2.8861613,1.052869,0.91582143,1.6243775,0.6677487,4.355047,21.582775,2.8483953,2.3995152,1.9912852,1.1629746,2.3533537,0.85778475,0.9906805,1.576132,0.924729,0.9004484,1.3364503,1.1693207,2.0622215,1.0841789,0.8555183,4.5179577,0.79229355,0.6267307,0.66978574,0.6714172,0.72868896,0.5863341,0.7507751,1.1195859,0.75205785,0.62553966,9.379615,2.4971666,1.3813696,3.6967697,1.3895229,1.0368934,1.29686,4.6212974,1.1471903,0.9181615,3.088602,1.2856722,3.2019422,1.9810785,48.13302,16.450617,4.9256887,2.099831,2.8446388,3.0114796,0.85099375,5.5976844,3.1712787,2.312668,9.060267,2.1104445,7.952157,3.3714626,2.432876,1.016114,2.6293824,1.2007943,3.1529882,1.9578795,1.4810736,5.6494308,1.7637863,1.8501261,1.8114249,1.6650548,0.9838881,2.1379027,2.6728368,2.2272515,1.0974507,1.5109327,1.1377751,1.3393042,23.51337,17.942465,23.609314,12.697146,18.091034,25.713158,12.4322195,91.151825,40.374146,30.230846,85.231125,20.887978,35.655464
TEST_08+7일,4.1887064,3.2225099,4.948881,3.9704762,1.2491376,1.3709276,3.3950055,1.6958113,1.8696762,0.94266844,1.6631036,0.75248563,0.8103241,1.2349061,2.0667105,1.0790968,4.8566523,1.1545419,1.0156218,5.4582376,3.7940845,1.6527212,0.7516302,0.9928688,3.6081755,3.9996853,5.413457,21.450842,8.142104,3.1126292,2.0059268,4.4271073,1.4106171,1.3802071,1.1149336,1.9927461,27.380524,1.6514261,3.029147,20.717644,11.230175,1.0398793,3.2183883,1.0269718,0.5956564,2.4362302,0.6326989,1.8626788,0.99262553,2.1686964,6.036929,0.8801427,3.6784587,0.78356344,2.1873176,1.1377751,0.78792316,1.5115459,1.3375914,0.77834576,5.7409654,4.7265725,7.571455,6.476156,5.4637585,1.3216662,0.8664224,1.3228002,3.2183883,0.6519446,1.3582273,1.7637863,1.2002571,0.88473845,2.755578,1.3697702,0.80282605,1.5473627,1.2756498,2.7227147,1.0418723,0.88106096,1.2513351,1.6657054,1.1735618,2.3500805,1.9334285,1.3421614,3.4381356,3.8175507,4.2832994,1.9564357,3.2890046,5.767349,0.8627806,1.1836677,0.9493198,0.77878,6.736106,4.9141264,1.1906092,1.1714401,3.2019422,0.59643567,20.802645,8.436913,9.730036,3.5522654,3.0095215,1.5887415,2.5976233,0.78356344,1.1252857,2.5040038,0.8187411,0.83793485,1.3524768,1.1629746,2.1873176,1.4449947,0.71817,4.374366,0.663682,0.618807,0.48545548,0.62792253,0.6657141,0.5081575,0.6616523,1.5152276,0.59994733,0.6311052,4.698679,2.9013715,1.7990971,3.7243707,1.578649,1.1087466,1.7235961,5.4197235,1.1635027,1.2491376,3.0965955,1.614146,2.3928819,1.7489815,11.971364,8.851243,5.432274,1.9956702,4.0388985,2.5435772,0.8437774,6.009495,2.5574465,2.090763,9.040638,2.33702,6.1198783,3.1916962,3.2764575,0.97133493,3.8458612,1.6243775,3.9801936,1.9377286,1.3239347,4.7209826,1.4665786,2.0235913,1.6540167,1.9449096,0.7490662,2.0952938,2.9997444,2.566142,1.2045586,1.4182802,1.0664457,1.3895229,27.659035,15.329426,27.996859,10.601934,18.240767,24.3905,13.839101,114.13367,33.840527,40.13243,60.147026,14.220698,33.43462
TEST_09+1일,2.615233,4.816753,2.0652134,1.2918187,0.622764,1.4176899,2.4028366,1.6866128,1.6839905,0.90137655,1.1587541,0.67386734,0.9512243,1.4182802,8.506285,1.2469423,4.523349,0.79141855,1.1682616,3.6488557,3.3693287,1.3663013,0.7261585,0.82318676,4.244745,3.8648274,3.556713,3.9005892,6.17572,3.8081505,1.7129779,3.0965955,2.32401,1.4318976,0.82229674,2.0862389,20.930769,1.1746234,2.924298,15.20235,8.943062,1.3918576,2.4581115,0.8419777,1.0518668,0.86067843,0.6634789,1.6991041,1.304724,1.6813707,8.608953,0.76020396,3.5834908,0.75505465,2.576605,0.8196293,1.7746034,0.85370713,1.0111978,0.79492086,3.5745475,7.3974633,9.920317,8.552815,5.9821672,1.0329189,0.7473589,0.75912994,1.7449577,0.7102184,1.614146,1.2535348,0.89859337,0.81165045,2.6507108,1.1927495,0.9521773,1.0259824,1.0339118,1.531244,0.8303225,1.188471,1.3296152,1.4059136,1.4390328,1.3709276,1.3296152,1.2045586,1.8752865,1.623817,2.8184469,1.0943805,1.5553045,2.416989,0.68123937,1.0378882,0.9464664,0.6969094,8.432306,1.3069758,0.9025374,1.199183,2.5800996,0.8627806,23.417803,6.123356,10.727237,2.1951087,1.6109569,0.97133493,1.1211388,0.86187124,0.95408463,1.0760535,0.9780844,0.7456534,1.3341697,0.8976666,1.0180838,0.91441876,0.7748758,2.446312,0.7102184,0.6576005,0.5909884,0.67060125,0.5925429,0.61683214,0.6952531,1.1242483,0.6861721,0.6334963,3.013439,1.267885,0.85099375,1.2820479,1.0092347,0.9502718,0.9209734,1.453965,1.0634209,0.57245284,1.0336635,0.85234994,4.6212974,1.61287,6.668411,10.135701,4.853793,1.5723612,4.8566523,2.1394353,0.8419777,7.8262863,2.1394353,1.6748323,9.899009,3.2390363,2.645367,2.3288827,5.0780716,1.0508652,4.0635624,3.0212853,4.234511,1.3421614,1.2261931,4.8795743,1.4895685,1.5178387,1.3883564,3.1206694,1.5736175,3.0330837,6.389056,5.3822174,1.2164314,2.080217,1.578649,1.4871384,21.016603,12.564036,16.013113,6.232,12.617125,14.280271,8.450747,72.326485,21.276129,28.167261,34.35464,10.300022,19.282646
TEST_09+2일,2.9705565,6.8963943,3.475129,1.9035031,0.746506,1.3634145,2.5123546,1.5103197,1.6774459,0.76106364,1.2088686,0.57860726,0.76106364,1.9796233,5.5527368,1.0567567,6.958327,0.8460295,1.1414317,6.3962755,3.5036259,1.3697702,0.6616523,0.99749625,4.654331,4.7771254,3.812848,10.157472,4.3195395,2.9396574,1.9049212,2.196669,1.3228002,1.2338151,0.925669,1.8766909,12.379852,1.2513351,1.6449609,10.946863,6.6459775,1.2557366,2.9435065,1.0458642,0.79229355,0.7794315,0.925669,2.0862389,1.0760535,2.1043754,9.359362,0.96460843,6.389056,0.7253159,2.080217,1.0190694,1.3524768,0.9512243,1.0398793,0.8939638,4.0883474,5.9685435,7.740512,7.1629806,4.8338194,1.0240048,0.94266844,0.88611937,2.0473056,0.6434968,0.9761536,1.0215356,1.2579405,0.80811554,1.6475451,1.3002269,0.9069552,1.3709276,1.2712095,1.7516673,0.9935987,0.9906805,1.376723,1.4847107,1.8459542,1.1025777,1.4497747,1.3398753,2.250182,1.8224285,2.6955483,1.0349052,2.2375107,3.1489346,0.9322621,1.0533701,0.88473845,0.7774776,9.021046,1.4012191,1.1906092,1.1714401,1.6879251,0.71439886,4.865237,13.523692,4.8853188,1.9091794,1.7396016,0.8958143,1.8431764,0.7139804,0.9636494,1.1211388,0.7337609,0.6438981,1.4012191,0.80282605,1.3041614,0.92943376,0.74821234,3.98993,0.80635065,0.63190186,0.61683214,0.7940447,0.6543662,0.56021595,0.54316866,1.3273413,0.61131525,0.6334963,2.9223824,1.4194613,1.0656891,1.5585818,1.1258047,1.1315212,0.9970087,1.4012191,1.1351671,0.6584101,1.414151,1.1036046,2.291707,1.8964231,5.332551,6.4688587,4.5260468,1.8626788,3.1937435,2.37306,0.9636494,5.085496,2.5211549,2.1686964,7.659798,2.3321352,2.6649992,2.6329284,2.3533537,1.0001802,2.9724958,1.8823148,3.0311148,1.6997632,1.373244,4.128256,1.2712095,1.4342737,1.5963368,1.61287,0.85461247,1.9745355,3.3226438,2.7592473,0.9921391,1.4283378,1.1863348,1.998597,12.838318,7.3128114,10.030176,4.0833807,8.623039,6.7474465,5.385335,37.696987,11.722805,13.474135,26.811218,8.199197,11.344166
TEST_09+3일,3.1855605,9.605026,2.618765,1.214268,0.6551742,1.3547753,3.4057484,1.4461888,1.6449609,0.8948888,1.2867885,0.58362544,0.6559826,1.4307104,6.302971,0.9901946,10.738695,0.67060125,1.2251062,10.092287,5.4953966,1.3239347,0.6616523,0.9266095,5.36821,9.856518,5.413457,9.238671,4.3169427,2.221741,1.2579405,2.0862389,0.9694107,0.8884232,0.9531307,1.6657054,7.791876,1.3883564,1.2316347,8.71273,4.4750166,0.99262553,2.5453079,1.3069758,0.73715043,0.7131437,0.7490662,1.91914,1.0943805,1.950667,6.8043985,0.77660996,5.9549465,0.7211088,1.3639916,0.9512243,1.3433053,0.89026827,1.2077904,0.9181615,2.6667893,3.68303,4.2858796,7.243088,3.4729443,1.0339118,0.6771398,0.74821234,1.420052,0.5435455,1.3318913,0.9965212,0.68041867,0.73291457,1.5887415,1.1874027,0.7645066,0.9636494,0.98752403,0.98779696,0.9483682,0.6087603,1.0709913,1.1524389,1.3501806,1.2229344,1.2185969,1.1232113,1.697128,1.3467405,2.62584,1.0339118,1.1895398,2.4971666,0.64630795,1.1377751,0.8392815,0.6746849,6.36744,1.2623549,0.6620581,0.8125353,1.2338151,0.5886596,3.1529882,6.581847,2.7118242,1.4426081,1.3341697,0.7844345,0.99969196,0.76795626,0.6746849,0.94266844,0.9965212,0.56097794,1.0598975,0.6559826,0.75788224,0.80811554,0.7439495,3.1865826,0.7975521,0.52109975,0.57937825,0.58401215,0.57245284,0.5397817,0.53153354,1.2305453,0.58014965,0.5571716,3.4773145,1.2229344,0.8655113,1.5461192,1.0053142,0.8838184,0.88657993,1.6670074,1.1066883,0.5518583,1.4188707,0.7757427,1.5337173,2.0428452,5.3140254,12.912845,3.628471,1.914867,2.6973531,2.713637,0.92285025,3.7736459,2.8017035,2.3549914,5.9889894,1.6501318,2.4485214,3.0786324,2.4345527,1.2272803,3.0330837,1.9020857,2.4094892,1.7275887,1.4449947,2.9608746,2.0029926,2.1104445,1.716955,1.7143029,0.95790493,1.8320918,2.8203118,2.4496794,1.2645652,1.4035652,1.1799389,1.634649,12.057151,7.8868294,10.08146,5.246562,7.774721,9.158994,5.675456,38.55667,15.782094,13.305507,36.160053,10.624617,12.723925
TEST_09+4일,1.9027942,11.158723,2.5168593,1.3216662,0.57860726,1.561707,5.793835,1.4665786,1.5723612,0.8518978,1.3467405,0.73291457,0.7809527,1.6535308,6.4907722,1.0289522,16.82959,0.863406,1.2218492,21.538712,5.860506,1.4993123,0.6592201,1.2778732,6.430664,5.4953966,4.816753,5.860506,5.245037,1.8529109,2.071206,1.9680068,1.1315212,1.0488633,1.0821446,1.429524,9.532779,1.5811684,1.1504692,8.73172,3.492644,1.016114,3.538948,0.87739056,0.79229355,1.1041182,0.7025114,3.5969388,1.2370896,1.9593242,7.067879,0.69836,5.042562,0.7152362,1.1056598,0.9219116,0.99262553,0.9598179,1.311486,0.9083524,3.2639472,3.4773145,4.6726522,8.017965,3.412207,1.0388834,0.72826695,1.1608633,2.3697674,0.61841184,1.1714401,1.0230168,0.9636494,0.8691584,1.3324608,1.4283378,0.708132,1.2218492,1.1000127,1.8879498,0.7857419,0.74309814,1.2327247,1.3686132,1.7909086,1.5423923,1.3387331,1.2305453,2.1195705,1.8511701,3.1641562,0.8947153,1.2533284,2.099831,0.9703726,1.0684648,0.9261392,0.74821234,10.422064,1.4707975,0.6878711,0.6267307,1.3536258,0.6311052,2.196669,12.006247,3.1418502,2.285284,1.6243775,0.86824596,1.2442011,0.63509226,0.6981527,0.9284919,0.9945724,0.75205785,1.0458642,0.77834576,1.5789638,0.8321108,0.7346077,4.7997365,0.6519446,0.6128896,0.5670874,0.7152362,0.6366898,0.6089567,0.60268396,1.2601466,0.6559826,0.56555784,4.4144106,1.0788748,0.9838881,1.3824962,0.90300196,1.0134085,0.8496385,1.5510969,1.2218492,0.5263077,1.4053262,0.90137655,1.5836904,2.1379027,8.124267,26.346642,3.8707695,1.9477869,2.9492874,2.8596864,1.0180838,4.084622,2.8596864,2.3928819,5.965142,1.9234192,3.936614,3.3395622,2.0283933,1.156647,2.5644014,1.5541375,2.3305085,2.0295026,1.5510969,2.984151,0.6783686,0.89859337,1.857093,1.4936745,0.88129056,1.2414633,1.6789169,1.2229344,0.7696836,1.1341248,0.8419777,1.4726079,10.993622,6.4234114,9.793092,3.5378401,7.535254,6.9408593,4.5186315,30.445068,12.211064,14.42269,31.633898,9.178854,10.277629
TEST_09+5일,2.1986208,11.422772,3.0409684,1.2153494,0.6406905,1.209408,6.417976,1.5201449,1.5461192,0.8169658,1.1794068,0.62118006,0.71439886,2.37306,6.668411,1.267885,14.043372,0.9060243,0.9911666,15.0762615,7.6218257,1.1975728,0.7413967,1.2349061,5.7376747,3.893416,4.3855305,2.6937442,4.4750166,1.917893,1.404152,1.8487349,0.9497957,0.92331976,0.958383,1.0689697,9.877743,1.4950447,1.2110268,10.761644,3.5124307,1.002379,3.5879693,0.9464664,0.7975521,1.1356884,0.610922,2.893759,0.9593993,1.7315872,6.050687,0.7015765,3.7312963,0.6824712,1.1965001,0.925669,0.6763211,0.80282605,1.0831616,0.8263052,4.2294016,2.156343,3.2556274,7.1152906,3.0676937,1.016114,0.67795897,1.110807,1.9477869,0.5300386,1.0841789,0.86141676,0.9153538,0.7818225,1.2609744,1.3977042,0.7757427,1.2823265,1.0933582,1.4165096,0.7748758,0.90416384,0.86733395,1.2867885,1.6631036,1.1524389,1.0592691,1.0730146,1.7990971,2.1471095,2.6196487,0.875787,1.455763,2.6865368,0.820518,1.1273623,0.8482843,0.7740094,9.399907,1.6566098,0.78269273,0.62832004,1.6566098,0.600338,0.9483682,13.354486,3.2587454,2.0682082,1.4336795,0.9531307,1.7076843,0.7456534,0.92943376,1.2712095,0.610922,0.75634056,0.9284919,0.93320584,1.7637863,0.7905441,0.7640759,4.4271073,0.68123937,0.6551742,0.58478576,0.61643744,0.6624639,0.60385823,0.5898236,1.2191386,0.6172269,0.5739892,5.9821672,1.3971189,0.9771188,1.6931801,1.0092347,0.79229355,1.0498639,1.7476395,1.2349061,0.5944881,1.3072574,0.8372619,2.217025,1.9745355,9.218694,13.955485,4.1785817,1.9745355,2.3159046,2.6730611,0.93556714,5.066212,2.716358,2.0095983,6.057575,1.3494635,4.4750166,3.0975957,1.765136,1.2034825,2.8072762,1.899253,2.1892636,1.8494304,1.3075391,3.0056078,0.53771544,0.7384232,1.6767921,1.1273623,0.7348988,1.0649327,1.4653745,1.1077172,0.57322085,1.2606984,0.8814054,1.2056354,11.290039,5.6429405,9.709099,3.3459234,7.736245,7.09155,4.5721083,29.507383,12.069908,13.488277,23.133327,7.389267,9.824759
TEST_09+6일,5.1557264,13.580536,6.4907722,3.7614243,0.9050938,2.66858,5.9464617,2.0175076,2.5040038,1.148239,1.5950694,0.9407722,0.96460843,4.5341473,13.752407,2.098318,10.377533,1.2867885,1.8823148,10.130265,6.0360703,1.7429478,0.7975521,1.6167002,7.6555705,4.8795743,6.516419,3.812848,5.1108055,2.6516023,1.6827621,2.3829565,1.8141718,1.096043,1.2327247,1.0309346,20.049461,2.039875,1.8787985,16.553167,5.1949253,1.1613909,3.733607,1.2029446,0.8948888,1.5988736,0.84738207,2.5800996,1.3013504,1.8410947,9.399907,1.0346568,3.8654213,0.81607884,2.3013647,1.4224166,1.1677324,1.0971947,1.0770675,1.0821446,5.11379,3.295292,4.0623264,7.7319803,4.896825,1.3478866,1.0629172,1.4224166,3.1611075,0.5874964,1.4307104,1.3058497,0.89952064,1.0220292,1.9391634,1.7530112,1.0033569,1.2549107,1.4117945,2.2091806,1.1948919,1.1403863,1.6839905,1.8417884,1.697128,1.7956822,1.6320775,1.4871384,1.8668752,3.2597852,4.423134,1.5836904,3.4035978,6.5938883,1.2645652,1.6122322,0.97953373,0.9153538,10.266965,3.1086147,1.1719704,0.99774015,2.566142,0.76192373,2.7961385,14.98234,4.306568,3.5879693,3.9414372,1.1346459,2.840886,0.8271972,0.91068333,1.3364503,0.7997477,0.8196293,1.0476131,1.531244,2.833392,1.1232113,0.9897088,3.4208329,0.74480116,0.69732374,0.6567913,0.69939697,0.72868896,0.60111964,0.73884773,1.376723,0.6394893,0.5473185,5.4953966,2.840886,2.0235913,3.6556704,1.9219921,1.5963368,1.4993123,4.6764617,1.8823148,0.7413967,2.6757522,1.4677833,2.958941,2.6382542,9.359362,10.124832,5.9821672,2.4852338,3.1773934,3.5812535,1.0649327,8.177886,3.6898947,2.7979925,10.601934,2.4583225,4.6426096,4.0709853,2.2820773,0.97422475,3.1937435,2.0685828,4.19885,2.2485952,1.7037208,5.2771378,1.2507856,1.3410181,2.1119635,2.3451767,0.9593993,1.9492266,2.3846087,2.117667,1.1608633,1.5259967,1.2153494,1.7909086,14.317621,6.6031637,12.025312,3.8104987,11.134998,8.368048,5.042562,37.54612,10.799032,18.429585,17.305958,5.885256,9.730036
TEST_09+7일,6.3458877,4.1735272,5.0543756,4.7884197,1.0902939,3.1611075,4.8452244,2.2485952,2.737285,1.0790968,1.5213757,0.8573312,0.97133493,2.9550767,14.043372,2.2091806,4.698679,1.156647,2.3631923,4.424458,4.2141037,1.5523429,0.7800833,1.4070885,2.8184469,2.3213735,7.9565296,4.966335,6.942798,3.78006,2.0473056,3.243178,2.2343504,1.7691896,1.1577003,1.7664866,25.81771,1.8809078,3.9317956,19.682686,8.45998,1.2414633,3.4338036,1.0398793,0.9209734,1.3663013,0.9493198,1.7583935,1.3686132,1.561707,7.9565296,1.0319265,4.265272,0.81165045,2.8785787,1.3778838,1.9622155,1.1487635,0.898999,1.0082539,5.9278316,5.7146845,8.142104,8.009163,7.8090644,1.3433053,1.2338151,1.0964268,2.840886,0.7346077,1.2723187,1.750324,1.3848605,1.1025777,2.3631923,1.420643,0.9346223,1.1650878,1.7382642,1.857093,1.0882536,0.9512243,1.6154228,1.7759585,1.5078695,2.0088637,1.7235961,1.5300086,2.32401,2.5228748,3.3078942,1.6761388,3.855335,5.5335674,1.1735618,1.7262572,1.2164314,0.8334532,9.920317,3.243178,1.697128,1.1693207,3.6420507,0.7443753,28.338665,9.522498,9.099642,4.7884197,4.98384,1.2447491,2.4228337,0.9181615,1.1383297,1.304724,1.2256496,0.8001871,1.531244,1.516456,1.9854485,1.3387331,0.8930392,3.054804,0.8178532,0.6410911,0.6600305,0.6902938,0.69608104,0.5192441,0.6354915,1.3977042,0.61013556,0.5874964,2.764758,2.6507108,1.826566,3.5080261,1.8487349,1.3421614,1.4188707,4.260133,1.8543042,0.7439495,2.9473596,1.5263051,6.549523,2.3549914,16.11309,10.511648,10.092287,2.4479952,5.407197,2.9997444,1.1077172,12.564036,3.0627313,2.6418087,13.298523,4.512572,4.335147,3.8624525,5.546341,1.118034,6.009495,3.4035978,5.344931,2.3288827,1.6230965,8.487736,2.1271958,2.4835324,1.9262755,3.6149306,1.2338151,3.5168395,5.2040067,4.448348,1.2099475,1.9825345,1.7235961,1.9106003,22.759174,12.643746,20.049461,6.505417,17.431524,13.637603,6.8425994,75.09871,16.416567,34.736473,24.192907,6.840685,17.46756
